page,img_name,img_url,status,url
1,"Sama Townhouses, Town Square",https://assets.bayut.com/content/small_sama_townhouses_cover_090619_33cab4446d.jpg,Ready,/area-guides/sama-townhouses/
1,"Mulberry Mansions, JVC",https://assets.bayut.com/content/small_Mulberry_Mansions_Cover_photo_Body_9_31_3_23_1_1b80ce85a8.jpg,Ready,/area-guides/mulberry-mansions/
1,"District 16, Jumeirah Village Circle (JVC)",https://assets.bayut.com/content/small_district_16_jvc_cover_180719_6_18295f3beb.jpg,Ready,/area-guides/district-16/
1,"Marina Quays East, Dubai Marina",https://assets.bayut.com/content/small_marina_quays_east_dubai_marina_cover_050819_4_6788b2eecc.jpg,Ready,/area-guides/marina-quays-east/
1,"Hyati Avenue, Jumeirah Village Circle (JVC)",https://assets.bayut.com/content/small_hyati_avenue_jvc_cover_230719_1_ea8e4c9f75.jpg,Ready,/area-guides/hyati-avenue/
1,Al Khabisi,https://assets.bayut.com/content/small_Al_Khabisi_Cover_22_06_3869c83c8a.jpg,Ready,/area-guides/al-khabisi/
1,"Aknan Villas, DAMAC Hills 2",https://assets.bayut.com/content/small_aknan_villas_cover_160519_56812128b2.jpg,Ready,/area-guides/aknan-villas/
1,"Park Island, Dubai Marina",https://assets.bayut.com/content/small_park_island_dubai_marina_cover_050819_5_a6c6e37ea2.jpg,Ready,/area-guides/park-island/
1,"Marina Promenade, Dubai Marina",https://assets.bayut.com/content/small_marina_promenade_cover_dubai_marina_cover_050819_2_1558efb96b.jpg,Ready,/area-guides/marina-promenade/
1,"District 14, Jumeirah Village Circle (JVC)",https://assets.bayut.com/content/small_district_14_jvc_cover_230719_6_6d22985f10.jpg,Ready,/area-guides/district-14/
1,"Naseem, Mudon",https://assets.bayut.com/content/small_Naseem_Mudon_Cover_07_04_d20420d199.jpg,Ready,/area-guides/naseem/
1,Ibn Battuta Gate,https://assets.bayut.com/content/small_Cover_01_3f8e6e9fc9.jpg,Ready,/area-guides/ibn-battuta-gate/
1,Dubai Creek Club Villas,https://assets.bayut.com/content/small_dubai_creek_club_villas_cover_080819_fd94241d56.jpg,Ready,/area-guides/dubai-creek-club-villas/
1,"Sahara Villas, DAMAC Hills 2",https://assets.bayut.com/content/small_sahara_villas_akoya_oxygen_cover_040719_28e14834f9.jpg,Ready,/area-guides/sahara-villas/
1,"The Heart of Europe, World Islands",https://assets.bayut.com/content/small_The_Heart_of_Europe_Cover_18_03_c216e8d9c9.jpg,Ready,/area-guides/the-heart-of-europe/
2,"Business Village, Port Saeed",https://assets.bayut.com/content/small_Business_Village_Port_Saeed_15_8_22_010e76cac7.jpg,Ready,/area-guides/business-village/
2,"Al Quoz Industrial Area 1, Al Quoz",https://assets.bayut.com/content/small_Al_Quoz_Industrial_Area_1_eaf4e54638.jpg,Ready,/area-guides/al-quoz-industrial-area-1/
2,"Hawthorn, Akoya Oxygen",https://assets.bayut.com/content/small_Hawthorn_Akoya_Oxygen_17112020_85c39c9ff2.jpg,Ready,/area-guides/hawthorn-akoya-oxygen/
2,"Al Quoz Industrial Area 3, Dubai",https://assets.bayut.com/content/small_Al_Quoz_Industrial_Area_3_Al_Quoz_Dubai_a1fca9b342.jpg,Ready,/area-guides/al-quoz-industrial-area-3/
2,"Commercial District, Dubai South",https://assets.bayut.com/content/small_Commercial_District_Dubai_166aac3731.jpg,Ready,/area-guides/commercial-district/
2,"Al Quoz Industrial Area 4, Dubai",https://assets.bayut.com/content/small_Al_Quoz_Industrial_Area_4_Dubai_46b5e0d904.jpg,Ready,/area-guides/al-quoz-industrial-area-4/
2,"Dubai Digital Park, Dubai Silicon Oasis",https://assets.bayut.com/content/small_Dubai_Digital_Park_Dubai_Silicon_Oasis_070072021_c33be1a679.jpg,Ready,/area-guides/dubai-digital-park/
2,Dubai Airport Freezone (DAFZA),https://assets.bayut.com/content/small_dubai_100220_6fd537c59e.jpg,Ready,/area-guides/dubai-airport-freezone/
2,"The Reserve, Al Barari",https://assets.bayut.com/content/small_The_Reserve_Al_Barari_Cover_18_11_2c0e11b1e5.jpg,Ready,/area-guides/the-reserve/
2,"Elysian Mansions, Tilal Al Ghaf",https://assets.bayut.com/content/small_Elysian_Mansions_20_6_2022_6cbfa9fca8.jpg,Off-plan,/area-guides/elysian-mansions/
2,"Ras Al Khor Industrial Area 1, Ras Al Khor",https://assets.bayut.com/content/small_Ras_Al_Khor_Industrial_2_16082021_74ecbadbea.jpg,Ready,/area-guides/ras-al-khor-industrial-area-1/
2,Muhaisnah 2,https://assets.bayut.com/content/small_muhaisnah_2_cover_30_11_20_2605d3dbe3.jpg,Ready,/area-guides/muhaisnah-2/
2,"Jumeirah Zabeel Saray, The Crescent",https://assets.bayut.com/content/small_Jumeirah_Zabeel_Saray_6_7_2021_0fa119e4b6.jpg,Ready,/area-guides/jumeirah-zabeel-saray/
2,Dubai Design District (D3),https://assets.bayut.com/content/small_Cover_image_5_a97de6f3ac.jpg,Ready,/area-guides/dubai-design-district/
2,"Dubai Textile City, International City",https://assets.bayut.com/content/small_Textile_City_International_City_Dubai_Cover_10_02_62cb516194.jpg,Ready,/area-guides/dubai-textile-city/
3,"Beverly Hills Drive, DAMAC Hills (Akoya by DAMAC)",https://assets.bayut.com/content/small_Beverly_Hills_Drive_DAMAC_Hills_Akoya_by_DAMAC_0bb15ec3cf.jpg,Off-plan,/area-guides/beverly-hills-drive/
3,"Park Gate, Dubai Hills Estate",https://assets.bayut.com/content/small_Park_Gate_Dubai_Hills_Estate_70318f5221.jpg,Off-plan,/area-guides/park-gate/
3,"District 7, Jumeirah Park",https://assets.bayut.com/content/small_District_7_Jumeirah_Park_9680f9539b.jpg,Ready,/area-guides/district-7-jumeirah-park/
3,"Desert Leaf 2, Al Barari",https://assets.bayut.com/content/small_The_Reserve_Al_Barari_Cover_18_11_77dab4ad4a.jpg,Ready,/area-guides/desert-leaf-2/
3,"Mykonos, DAMAC Lagoons",https://assets.bayut.com/content/small_Mykonos_DAMAC_Lagoons_Dubai_98491dd807.jpg,Off-plan,/area-guides/mykonos-damac-lagoons/
3,"The Woodland Residences, MBR City",https://assets.bayut.com/content/small_The_Woodland_Residences_MBR_City_71fc27034c.jpg,Off-plan,/area-guides/the-woodland-residences/
3,"Taormina Village 1, Dubailand",https://assets.bayut.com/content/small_Taormina_Village_1_Dubailand_5d39568676.jpg,Off-plan,/area-guides/taormina-village-1/
3,"Plagette 32, Tilal Al Ghaf",https://assets.bayut.com/content/small_Plagette_32_Tilal_Al_Ghaf_3111588415.jpg,Off-plan,/area-guides/plagette-32/
3,"Marina Gate, Dubai Marina",https://assets.bayut.com/content/small_marina_gate_dubai_marina_cover_050819_3_4b60de1e2c.jpg,Ready,/area-guides/marina-gate/
3,"Natura, DAMAC Hills 2",https://assets.bayut.com/content/small_Natura_DAMAC_Hills_2_Dubai_cd56e0fdf5.jpg,Off-plan,/area-guides/natura/
3,"Al Manara Village, Umm Suqeim",https://assets.bayut.com/content/small_Al_Manara_Village_f9d2457fc3.jpg,Ready,/area-guides/al-manara-village/
3,"The Lakeshore at The Sanctuary, MBR City",https://assets.bayut.com/content/small_The_Lakeshore_Cover_Photo_14_9_23_9071acdd05.jpg,Off-plan,/area-guides/the-lakeshore/
3,Al Mamzar Front,https://assets.bayut.com/content/small_al_mamzar_cover_2c7a797faa.jpg,Off-plan,/area-guides/al-mamzar-front/
3,"Jasmine Lane, Jumeirah Golf Estates",https://assets.bayut.com/content/small_Jasmine_Lane_Cover_14_6_2023_4482d1bb39.jpg,Off-plan,/area-guides/jasmine-lane/
3,"Park Greens, DAMAC Hills 2",https://assets.bayut.com/content/small_Park_Greens_DAMAC_Hills_2_a1dec68411.jpg,Off-plan,/area-guides/park-greens/
4,"District 9, Jumeirah Park",https://assets.bayut.com/content/small_District_9_Jumeirah_Park_1_8bc611a7ae.jpg,Ready,/area-guides/district-9-jumeirah-park/
4,"Dar Al Zain Villas, Mirdif",https://assets.bayut.com/content/small_Dar_AL_Zain_Villas_cover_photo_for_Dar_Al_Zain_Image_4_3_2_23_5b90d9a902.jpg,Ready,/area-guides/dar-al-zain-villas/
4,"Jasmine Leaf 4, The Residences",https://assets.bayut.com/content/small_The_Reserve_Al_Barari_Cover_18_11_e81a55fdb3.jpg,Ready,/area-guides/jasmine-leaf-4/
4,"Fairway Villas 2, Emaar South",https://assets.bayut.com/content/small_Fairway_Villas_2_Emaar_South_Dubai_b77c0a03c5.jpg,Off-plan,/area-guides/fairway-villas-2/
4,"Jumeirah Islands Townhouses, Jumeirah Islands",https://assets.bayut.com/content/small_Jumeirah_Islands_Townhouses_e1a94624e6.jpg,Ready,/area-guides/jumeirah-islands-townhouses/
4,"Palmiera, The Oasis",https://assets.bayut.com/content/small_Palmiera_Off_plan_Cover_Photo_23_8_23_2166f8bba9.jpg,Off-plan,/area-guides/palmiera-the-oasis/
4,"Palmera 3, Arabian Ranches",https://assets.bayut.com/content/small_Palmera_3_Arabian_Ranches_af1c962064.jpg,Ready,/area-guides/palmera-3/
4,"Amali Island, The World Islands",https://assets.bayut.com/content/small_Amali_Island_Dubai_9ea9fcf946.jpg,Off-plan,/area-guides/amali-island/
4,"Keturah Reserve, MBR City",https://assets.bayut.com/content/small_Keturah_Reserve_Cover_22_5_23_6a1c6d5e83.jpg,Off-plan,/area-guides/keturah-reserve/
4,"District 1J, District 1 JVT",https://assets.bayut.com/content/small_distrct_1_J_jvt_cover_230719_4_f74f7661b4.jpg,Ready,/area-guides/district-1j/
4,"Casablanca 4, Al Barsha",https://assets.bayut.com/content/small_Casablanca_4_Al_Barsha_Dubai_25479f3c20.jpg,Ready,/area-guides/casablanca-4/
4,"The Farmhouses, DAMAC Hills 2",https://assets.bayut.com/content/small_The_Farmhouses_Cover_2_4_10_23_53a297e221.jpg,Off-plan,/area-guides/the-farmhouses/
4,"Blue Views, MBR City",https://assets.bayut.com/content/small_Blue_Views_District_One_MBR_City_1755ddbb29.jpg,Off-plan,/area-guides/blue-views/
4,"District 4, Jumeirah Park",https://assets.bayut.com/content/small_District_4_Jumeirah_Park_1d9c9a10c4.jpg,Ready,/area-guides/district-4-jumeirah-park/
4,"Silk Leaf 3, Al Barari",https://assets.bayut.com/content/small_Silk_Lead_3_Al_Barari_Dubai_c862e1266e.jpg,Ready,/area-guides/silk-leaf-3/
5,"Lunaria, Al Barari",https://assets.bayut.com/content/small_Lunaria_Off_Plan_Cover_d69eb66ff6.jpg,Off-plan,/area-guides/lunaria-al-barari/
5,"C Villas, Living Legends",https://assets.bayut.com/content/small_C_Villas_13_6_2022_5ac9ad01cb.jpg,Ready,/area-guides/c-villas-living-legends/
5,"Hattan 2, The Lakes",https://assets.bayut.com/content/small_Hattan_2_The_Lakes_c51576389e.jpg,Ready,/area-guides/hattan-2/
5,Al Qusais Industrial Area 4,https://assets.bayut.com/content/small_Al_Qusais_Industrial_Area_4_Cover_25_03_2022_cf81ac604f.jpg,Ready,/area-guides/al-qusais-industrial-area-4/
5,"Casablanca 1, Al Barsha",https://assets.bayut.com/content/small_Casablanca_1_Al_Barsha_Dubai_5b74d66ab3.jpg,Ready,/area-guides/casablanca-1/
5,"District 7G, JVT",https://assets.bayut.com/content/small_distrct_7e_jvt_cover_230719_4_cb61841bc7.jpg,Ready,/area-guides/district-7g/
5,"Harmony 1, Tilal Al Ghaf",https://assets.bayut.com/content/small_Harmony_1_Tilal_Al_Ghaf_dd952d6680.jpg,Off-plan,/area-guides/harmony-1/
5,"Jasmine Leaf 1, Al Barari",https://assets.bayut.com/content/small_Jasmine_Leaf_1_14_4_2022_3a6e7fd41b.jpg,Ready,/area-guides/jasmine-leaf-1/
5,"Al Maktoum Road, Deira",https://assets.bayut.com/content/small_Al_Maktoum_Road_Deira_1859f1e9db.jpg,Ready,/area-guides/al-maktoum-road/
5,"Hacienda, The Villa",https://assets.bayut.com/content/small_27_1_856d45707c.jpg,Ready,/area-guides/hacienda/
5,"Golf Place II, Dubai Hills Estate",https://assets.bayut.com/content/small_Golf_Place_2_Dubai_Hills_Estate_3a8551a617.jpg,Off-plan,/area-guides/golf-place-2/
5,AL HAMRIYA STREET DUBAI,https://assets.bayut.com/content/small_Al_Hamriya_Street_Cover_21_03_3c0e0ac068.jpg,Ready,/area-guides/al-hamriya-street-dubai/
5,"District One Mansions, MBR City",https://assets.bayut.com/content/small_District_One_Mansions_c3e2e5bcd2.jpg,Ready,/area-guides/district-one-mansions/
5,Nad Al Sheba Gardens,https://assets.bayut.com/content/small_Nad_Al_Sheba_Gardens_Cover_18_04_a6025cdef8.jpg,Ready,/area-guides/nad-al-sheba-gardens/
5,Springs 2,https://assets.bayut.com/content/small_springs_2_cover_300619_f3a984b31b.jpg,Ready,/area-guides/springs-2/
6,"Silk Leaf 4, Al Barari",https://assets.bayut.com/content/small_Silk_Leaf_4_11_02_2022_9680c84898.jpg,Ready,/area-guides/silk-leaf-4/
6,"Rigga Road, Deira",https://assets.bayut.com/content/small_Rigga_Road_Deira_9b90c91bbe.jpg,Ready,/area-guides/al-rigga-road/
6,"Makeen Al Furjan Villas, Al Furjan",https://assets.bayut.com/content/small_Makeen_Al_Furjan_Villas_Al_Furjan_5b2a6c6344.jpg,Ready,/area-guides/makeen-al-furjan-villas/
6,"La Mer Maisons, Jumeirah",https://assets.bayut.com/content/small_La_Mer_Mansions_Jumeirah_42f5b73d72.jpg,Off-plan,/area-guides/la-mer-maisons/
6,Expo Golf Villas 5 (Greenviews 2),https://assets.bayut.com/content/small_Greenview_2_Dubai_South_62ee0be0d4.jpg,Off-plan,/area-guides/expo-golf-villas-5/
6,"Jasmine Leaf 3, Al Barari",https://assets.bayut.com/content/small_Jasmine_Leaf_9_30_5_2022_4f8f9d8992.jpg,Ready,/area-guides/jasmine-leaf-3/
6,"Al Falaj Villas, Dubai Internet City",https://assets.bayut.com/content/small_Al_Falaj_Villas_Al_Sufouh_cde61e6771.jpg,Ready,/area-guides/al-falaj-villas-dubai/
6,"Caya, Arabian Ranches 3",https://assets.bayut.com/content/small_Caya_Off_Plan_Cover_15_8_22_2d9b745962.jpg,Ready,/area-guides/caya/
6,"Fortunato, Jumeirah Village Circle (JVC)",https://assets.bayut.com/content/small_Fortunato_Cover_20_9_22_eeb067e6cb.jpg,Ready,/area-guides/fortunato/
6,"Elie Saab Vie at The Fields, Meydan",https://assets.bayut.com/content/small_Elie_Saab_Vie_at_The_Fields_cover_photo_10_8_22_33f86af7d4.jpg,Ready,/area-guides/elie-saab-vie-at-the-fields/
6,"Rola Road, Bur Dubai",https://assets.bayut.com/content/small_Rola_Road_Bur_Dubai_ead2bc8041.jpg,Ready,/area-guides/al-rolla-road-bur-dubai/
6,"Portofino, DAMAC Lagoons",https://assets.bayut.com/content/small_Portofino_DAMAC_Lagoons_5ad41d6575.jpg,Off-plan,/area-guides/portofino-damac-lagoons/
6,"Penta Villas, Jumeirah Village Circle",https://assets.bayut.com/content/small_cover_1_214f970fc0.jpg,Ready,/area-guides/penta-villas/
6,HARTLAND GARDENIA VILLAS,https://assets.bayut.com/content/small_Hartland_Gardenia_Cover_11_02_7d7c216942.jpg,Ready,/area-guides/hartland-gardenia-villas/
6,"Mira 5, Reem",https://assets.bayut.com/content/small_Mira_5_Reem_3e6da47cd4.jpg,Ready,/area-guides/mira-5/
7,"Al Kifaf, Bur Dubai",https://assets.bayut.com/content/small_Al_Kifaf_Bur_Dubai_4b8f934c0a.jpg,Ready,/area-guides/al-kifaf/
7,"District 5F, District 5 JVT",https://assets.bayut.com/content/small_District_5_F_JVT_cover_12102020_942826f079.jpg,Ready,/area-guides/district-5f/
7,DUBAI INTERNATIONAL AIRPORT ROAD,https://assets.bayut.com/content/small_Dubai_International_Airport_Road_Cover_25_03_9cceed9a75.jpg,Ready,/area-guides/dubai-airport-road/
7,"GRAND PARADISE, JVC",https://assets.bayut.com/content/small_Grand_Paradise_Cover_25_02_86d86ab690.jpg,Ready,/area-guides/grand-paradise-jvc/
7,"Al Warqaa 1, Dubai",https://assets.bayut.com/content/small_Al_Warqaa_1_Dubai_6f851d7292.jpg,Ready,/area-guides/al-warqaa-1/
7,"Desert Leaf 4, The Residences",https://assets.bayut.com/content/small_The_Reserve_Al_Barari_Cover_18_11_6f4bbe6abc.jpg,Ready,/area-guides/desert-leaf-4/
7,"Hattan 3, The Lakes",https://assets.bayut.com/content/small_Hattan_3_8_12_2021_ecb5f38ff4.jpg,Ready,/area-guides/hattan-3/
7,"Sahara Meadows 1, Dubai Industrial Park",https://assets.bayut.com/content/small_Sahara_Meadows_1_Dubai_Industrial_Park_f5b84c5435.jpg,Ready,/area-guides/sahara-meadows-1/
7,"Al Nahda 1, Dubai",https://assets.bayut.com/content/small_Al_Nahda_1_Dubai_26112021_a02d4f958c.jpg,Ready,/area-guides/al-nahda-1/
7,"Al Meera Complex, Al Sufouh",https://assets.bayut.com/content/small_Al_Meera_Complex_Dubai_Media_City_a43f3257a0.jpg,Ready,/area-guides/al-meera-complex/
7,"Sydney Villas, Jumeirah Village Circle",https://assets.bayut.com/content/small_Sydney_Villas_Jumeirah_Village_Circle_375ea9209b.jpg,Ready,/area-guides/sydney-villas/
7,"Makeen 9 Villa Compound, Mirdif",https://assets.bayut.com/content/small_Makeen_9_Villa_Compound_Mirdif_97ee755678.jpg,Ready,/area-guides/makeen-9-villa-compound/
7,"Bukadra, Dubai",https://assets.bayut.com/content/small_Bukadra_Dubai_fb3cf35f20.jpg,Ready,/area-guides/bukadra/
7,"MIRABELLA 5, District 11 JVC",https://assets.bayut.com/content/small_Mirabella_1_Cover_04_03_1142e805de.jpg,Ready,/area-guides/mirabella-5/
7,"UMM HURAIR, BUR DUBAI",https://assets.bayut.com/content/small_Al_Hamriya_Cover_111121_a9891300de.jpg,Ready,/area-guides/umm-hurair/
8,AL SABKHA DEIRA,https://assets.bayut.com/content/small_Al_Sabkha_Cover_03_12_aee5a6bee1.jpg,Ready,/area-guides/al-sabkha-deira/
8,"INDIGO VILLE 2, District 13 JVC",https://assets.bayut.com/content/small_Indigo_Ville_2_Cover_18_02_9e538942c8.jpg,Ready,/area-guides/indigo-ville-2/
8,"Splendour Villas, Al Safa",https://assets.bayut.com/content/small_Spelndour_Villas_Al_Safa_Dubai_5cc5927e3f.jpg,Ready,/area-guides/splendour-villas/
8,Za'abeel 2,https://assets.bayut.com/content/small_Zaabeel_2_Cover_4_3_2022_3d01e53b8b.jpg,Ready,/area-guides/zabeel-2/
8,"Roda Beach Resort Villas, Jumeirah 3",https://assets.bayut.com/content/small_Roda_Beach_Resort_Villas_Jumeirah_3_Dubai_b27aaceea3.jpg,Ready,/area-guides/roda-beach-resort-villas/
8,"DISTRICT 2, JUMEIRAH PARK",https://assets.bayut.com/content/small_District_2_Jumeirah_Park_Cover_06_12_8c2d9337c6.jpg,Ready,/area-guides/district-2/
8,"SAHEEL 4, ARABIAN RANCHES",https://assets.bayut.com/content/small_Saheel_4_Cover_27_09_cb6521b490.jpg,Ready,/area-guides/saheel-4/
8,"MIRABELLA 7, District 12 JVC",https://assets.bayut.com/content/small_Mirabella_4_Cover_27_09_2_275b3e466c.jpg,Ready,/area-guides/mirabella-7/
8,"DESERT LEAF 3, The Residences",https://assets.bayut.com/content/small_Desert_Leaf_3_Cover_17_12_a13b3393c1.jpg,Ready,/area-guides/desert-leaf-3/
8,"DESERT LEAF 5, THE RESIDENCES",https://assets.bayut.com/content/small_Desert_Leaf_5_Area_Guide_Cover_111121_949ccbba26.jpg,Ready,/area-guides/desert-leaf-5/
8,LA AVENIDA 1,https://assets.bayut.com/content/small_La_Avenida_1_Cover_04_02_feb607312f.jpg,Ready,/area-guides/la-avenida-1/
8, Kensington Gardens,https://assets.bayut.com/content/small_Kensington_Garden_cover_image_31_12_24_5ea57bda68.jpg,Off-plan,/area-guides/kensington-gardens/
8,"Alvorada 3, Arabian Ranches",https://assets.bayut.com/content/small_Alvorada_3_Arabian_Ranches_Dubai_9f0a912325.jpg,Ready,/area-guides/alvorada-3/
8,"Al Qusais 3, Al Qusais",https://assets.bayut.com/content/small_Al_Qusais_3_17092021_03d4642d7f.jpg,Ready,/area-guides/al-qusais-3/
8,"MIRABELLA 1, District 11 JVC",https://assets.bayut.com/content/small_Mirabella_1_11222_db23010679.jpg,Ready,/area-guides/mirabella-1/
9,UPTOWN MOTOR CITY,https://assets.bayut.com/content/small_Uptown_Motor_City_Cover_03_12_6fd2d1353e.jpg,Ready,/area-guides/uptown-motor-city/
9,"Mira 3, Arabian Ranches",https://assets.bayut.com/content/small_Mira_3_Reem_16062021_9c7cde4aaa.jpg,Ready,/area-guides/mira-3/
9,Jebel Ali Free Zone Area (JAFZA),https://assets.bayut.com/content/small_Jebel_Ali_Free_Zone_Area_Jebel_Ali_Cover_26_08_f8fd5b615c.jpg,Ready,/area-guides/jebel-ali-free-zone-jafza/
9,OPERA DISTRICT DOWNTOWN DUBAI,https://assets.bayut.com/content/small_Opera_District_Cover_17_01_e9ae586498.jpg,Ready,/area-guides/opera-district/
9,AL QUOZ INDUSTRIAL AREA 2,https://assets.bayut.com/content/small_Al_Quoz_Industria_Area_2_Cover_10_12_124358ae96.jpg,Ready,/area-guides/al-quoz-industrial-area-2/
9,"BALQIS RESIDENCE, PALM JUMEIRAH",https://assets.bayut.com/content/small_Balqis_Residence_Cover_28_10_938f555ebe.jpg,Ready,/area-guides/balqis-residence/
9,AL QUSAIS INDUSTRIAL AREA 3,https://assets.bayut.com/content/small_Al_Qusais_Industrial_Area_3_Cover_17_12_03f482df1a.jpg,Ready,/area-guides/al-qusais-industrial-area-3/
9,"Alfa Villas, District 13 JVC",https://assets.bayut.com/content/small_Alfa_Villas_Cover_21_01_2022_bf96f18603.jpg,Ready,/area-guides/alfa-villas/
9,Jebel Ali Freezone South,https://assets.bayut.com/content/small_Jebel_Ali_Freezone_South_20_10_2022_c230dd5c7f.jpg,Ready,/area-guides/jebel-ali-freezone-south/
9,AL QUSAIS INDUSTRIAL AREA 5,https://assets.bayut.com/content/small_Al_Qusais_Industrial_5_Cover_24_12_b85b41ed95.jpg,Ready,/area-guides/al-qusais-industrial-area-5/
9,"AL HAMRIYA, BUR DUBAI",https://assets.bayut.com/content/small_Al_Hamriya_Cover_111121_64bf583f26.jpg,Ready,/area-guides/al-hamriya/
9,"AL SOUK AL KABEER, BUR DUBAI",https://assets.bayut.com/content/small_Al_Hamriya_Cover_111121_69175cd0e6.jpg,Ready,/area-guides/al-souk-al-kabeer/
9,AL MURAQQABAT,https://assets.bayut.com/content/small_Al_Muraqqabat_Cover11222_d0fe3adbfa.jpg,Ready,/area-guides/al-muraqqabat/
9,Jebel Ali,https://assets.bayut.com/content/small_jebalalicover_42621_540182cad6.jpg,Ready,/area-guides/jebel-ali/
9,"Ras Al Khor Industrial Area, Ras Al Khor",https://assets.bayut.com/content/small_Ras_Al_Khor_Industrial_Area_4_01_2022_0a71719e74.jpg,Ready,/area-guides/ras-al-khor-industrial-area/
10,"Maeen 5, The Lakes",https://assets.bayut.com/content/small_Maeen_5_23_9_2021_c7dc137903.jpg,Ready,/area-guides/maeen-5/
10,"Calida, Dubai Sports City",https://assets.bayut.com/content/small_Calida_Dubai_Sports_City_08062021_ebeb1c6b71.jpg,Ready,/area-guides/calida/
10,"Mirabella 4, District 11 JVC",https://assets.bayut.com/content/small_Mirabella_4_Cover_27_09_1_1_01bc5f2846.jpg,Ready,/area-guides/mirabella-4/
10,"Casa Flores, Motor City",https://assets.bayut.com/content/small_Casa_Flores_Motor_City_26042021_bbddbfa032.jpg,Ready,/area-guides/casa-flores/
10,"Zulal 1, The Lakes",https://assets.bayut.com/content/small_Zulal_1_The_Lakes_19062021_6ff6df5baa.jpg,Ready,/area-guides/zulal-1/
10,"La Rosa, Villanova",https://assets.bayut.com/content/small_La_Rosa_Cover_3_8_22_645a2be570.jpg,Ready,/area-guides/la-rosa-villanova/
10,"Palmera 1, Arabian Ranches",https://assets.bayut.com/content/small_Palmera_1_Arabian_Ranches_19062021_b896cc1946.jpg,Ready,/area-guides/palmera-1/
10,"The Floating Seahorse, the World Islands",https://assets.bayut.com/content/small_The_Floating_Seahorse_06082021_6993eb8e0d.jpg,Ready,/area-guides/floating-seahorse-dubai/
10,"District 8F, Jumeirah Village Triangle (JVT)",https://assets.bayut.com/content/small_District_8_F_Cover_16_07_cf1f711438.jpg,Ready,/area-guides/district-8f/
10,"Palmera 4, Arabian Ranches",https://assets.bayut.com/content/small_Palmera_4_Arabian_Ranches_27052021_680fba24d9.jpg,Ready,/area-guides/palmera-4/
10,"The Polo Townhouses, Meydan City",https://assets.bayut.com/content/small_The_Polo_Townhouses_Meydan_City_20052021_a85b55f294.jpg,Ready,/area-guides/the-polo-townhouses/
10,"MIRABELLA 6, District 11 JVC",https://assets.bayut.com/content/small_Mirabella_6_Cover_27_09_58b38b01b0.jpg,Ready,/area-guides/mirabella-6/
10,"DESERT LEAF, THE RESIDENCES",https://assets.bayut.com/content/small_Desert_Leaf_Cover_02_11_bf5660d0b8.jpg,Ready,/area-guides/desert-leaf/
10,"Savannah 2, Arabian Ranches",https://assets.bayut.com/content/small_Savanah_2_Cover_27_07_7a9a1fb196.jpg,Ready,/area-guides/savannah-2-dubai/
10,"District 8L, Jumeirah Village Triangle (JVT)",https://assets.bayut.com/content/small_District_8_O_JVT_Cover_27_11_bf36333af1.jpg,Ready,/area-guides/district-8l/
11,"Al Shindagha, Bur Dubai",https://assets.bayut.com/content/small_Al_Shindagha_Bur_Dubai_Cover_16_03_c6c86fe298.jpg,Ready,/area-guides/al-shindagha/
11,"District 3D, District 3 JVT",https://assets.bayut.com/content/small_District_8_O_JVT_Cover_27_11_66d88b2859.jpg,Ready,/area-guides/district-3d/
11,"Mirador La Colleccion 1, Arabian Ranches",https://assets.bayut.com/content/small_Mirador_La_Colleccion_Arabian_Ranches_23042021_0cd6b23e94.jpg,Ready,/area-guides/mirador-la-coleccion-1/
11,"District 9E, Jumeirah Village Triangle",https://assets.bayut.com/content/small_District_9_E_Cover_Photo_01_03_2021_186475111b.jpg,Ready,/area-guides/district-9e-jvt/
11,"District 7C, JVT",https://assets.bayut.com/content/small_District_8_O_JVT_Cover_27_11_2a9fe20e66.jpg,Ready,/area-guides/district-7c/
11,"Al Mass Villas, Dubai Marina",https://assets.bayut.com/content/small_Al_Mass_Villas_Dubai_Marina_06012021_b2a247da8e.jpg,Ready,/area-guides/al-mass-villas/
11,"District 9N, Jumeirah Village Triangle",https://assets.bayut.com/content/small_Didtrict_9_N_Jumeirah_Village_Triangle_08022021_dfff57e8e1.jpg,Ready,/area-guides/district-9n/
11,"Millennium Estates, Meydan City",https://assets.bayut.com/content/small_Millennium_Estates_Meydan_City_21042021_c69352f808.jpg,Ready,/area-guides/millennium-estates/
11,"District 1D, JVT",https://assets.bayut.com/content/small_District_1_D_JVT_17112020_e22b9caf5d.jpg,Ready,/area-guides/district-1d/
11,"District 8B, JVT",https://assets.bayut.com/content/small_jvt_district_cover_102320_015f5bab12.jpg,Ready,/area-guides/district-8b/
11,"District 2D, Jumeirah Village Triangle",https://assets.bayut.com/content/small_District_2_D_JVT_Cover_29_12_e58d762fb8.jpg,Ready,/area-guides/district-2d/
11,"District 9L, Jumeirah Village Triangle",https://assets.bayut.com/content/small_9112020_district_9l_617204cc95.jpg,Ready,/area-guides/district-9l/
11,"District 9B, Jumeirah Village Triangle",https://assets.bayut.com/content/small_district_9_jvt_1212020_643a35e176.jpg,Ready,/area-guides/district-9b/
11,"District 8I, JVT",https://assets.bayut.com/content/small_District_8_O_JVT_Cover_27_11_2fbabdd39f.jpg,Ready,/area-guides/district-8i/
11,"Villa Lantana 1, Al Barsha",https://assets.bayut.com/content/small_Villa_Lantana_1_Al_Barsha_13042021_ec703055a7.jpg,Ready,/area-guides/villa-lantana-1/
12,"Sahara Meadows 2, Dubai Industrial Park",https://assets.bayut.com/content/small_Sahara_Meadows_2_Cover_1_11_22_3a025b328e.jpg,Ready,/area-guides/sahara-meadows-2/
12,"Arabella 2, Mudon",https://assets.bayut.com/content/small_Arabella_2_Mudon_05052021_5aa0962639.jpg,Ready,/area-guides/arabella-2/
12,Dubai Islands,https://assets.bayut.com/content/small_Deira_Island_Cover_15_07_8de334f2ac.jpg,Ready,/area-guides/dubai-islands/
12,"Al Amir Villas, Jumeirah Village Circle",https://assets.bayut.com/content/small_Al_Amir_Villas_JVC_Dubai_29f36acd4c.jpg,Ready,/area-guides/al-amir-villas/
12,"District 9K, District 9 JVT",https://assets.bayut.com/content/small_district_9k_jvt_5b3a42fb37.jpg,Ready,/area-guides/district-9k/
12,"District 9G, Jumeirah Village Triangle",https://assets.bayut.com/content/small_District_9_G_23_02_2021_aee23fc26e.jpg,Ready,/area-guides/district-9g/
12,"Naif, Deira",https://assets.bayut.com/content/small_Naif_Deira_Cover_24_03_bad0693639.jpg,Ready,/area-guides/naif-deira/
12,"District 8O, Jumeirah Village Triangle",https://assets.bayut.com/content/small_District_8_O_JVT_Cover_27_11_74cff8bfcd.jpg,Ready,/area-guides/district-8o/
12,"District 4E, Jumeirah Village Triangle (JVT)",https://assets.bayut.com/content/small_District_4_E_Jumeirah_Village_Triangle_19012021_394c5cc776.jpg,Ready,/area-guides/district-4e/
12,"District 8C, District 8 JVT",https://assets.bayut.com/content/small_District_8_C_JVT_8c4eec1391.jpg,Ready,/area-guides/district-8c/
12,"Za'abeel, Bur Dubai",https://assets.bayut.com/content/small_Zaabeel_Bur_Dubai_Cover_25_01_989f96753b.jpg,Ready,/area-guides/zabeel/
12,"Emerald Hills, Dubai Hills Estate",https://assets.bayut.com/content/small_Emerald_Hills_Dubai_Hills_Estate_19102020_a78d8ac11a.jpg,Ready,/area-guides/emerald-hills/
12,"Westar Casablanca East, Jumeirah Village Circle",https://assets.bayut.com/content/small_Westar_Casablanca_East_04122020_fe8def4d98.jpg,Ready,/area-guides/westar-casablanca-east/
12,"District 3C, District 3 JVT",https://assets.bayut.com/content/small_jvt_101420_86c2c3aa53.jpg,Ready,/area-guides/district-3c/
12,"Goldenwoods Villas, Jumeirah Village Circle",https://assets.bayut.com/content/small_Goldenwoods_Villas_JVC_Dubai_1_f77d0206a5.jpg,Ready,/area-guides/goldenwoods-villas/
13,"Riggat Al Buteen, Deira",https://assets.bayut.com/content/small_Riggat_Al_Buteen_Cover_09_06_3d748c0b4e.jpg,Ready,/area-guides/riggat-al-buteen/
13,"Sunbeam Homes, Dubai Industrial Park",https://assets.bayut.com/content/small_The_Spanish_Twin_Villas_Sunbeam_Homes_Residential_Villas_Image_10_28_11_22_1_798b5de635.jpg,Ready,/area-guides/sunbeam-homes/
13,"Deira Corniche, Dubai",https://assets.bayut.com/content/small_Corniche_Deira_05102020_5ad20b4fa2.jpg,Ready,/area-guides/deiracorniche/
13,"District 13, Jumeirah Village Circle",https://assets.bayut.com/content/small_District_13_Jumeirah_Village_Circle_06112020_7f9760088b.jpg,Ready,/area-guides/district-13/
13,"District 4G, Jumeirah Village Triangle (JVT)",https://assets.bayut.com/content/small_District_4_G_JVT_Cover_Photo_22_09_2020_ad44bc9e90.jpg,Ready,/area-guides/district-4g/
13,"Trump Estates, DAMAC Hills (Akoya by DAMAC)",https://assets.bayut.com/content/small_trump_estates_damac_hills_cover_250719_12_737dd268bd.jpg,Ready,/area-guides/trump-estates/
13,"Majestic Vistas, Dubai Hills Estate",https://assets.bayut.com/content/small_majestic_vistas_dhe_dubai_cover_image_250719_30554bc805.jpg,Ready,/area-guides/majestic-vistas/
13,"Westar Les Castelets, Jumeirah Village Circle",https://assets.bayut.com/content/small_Wester_Les_Castelets_District_10_JVC_c8e294e285.jpg,Ready,/area-guides/westar-les-castelets/
13,"District 1A, Jumeirah Village Triangle",https://assets.bayut.com/content/small_District_1_A_Cover_07_06_4a4498a7c1.jpg,Ready,/area-guides/district-1a/
13,Dubai Outlet City,https://assets.bayut.com/content/small_Dubai_Outlet_City_Cover_07_12_3ee4ec242d.jpg,Ready,/area-guides/dubai-outlet-city/
13,Springs 4,https://assets.bayut.com/content/small_springs_4_cover_260619_45763f2ee9.jpg,Ready,/area-guides/springs-4/
13,"Redwood Avenue, Jumeirah Golf Estates",https://assets.bayut.com/content/small_redwood_avenue_cover_101819_fd9f9a2a19.jpg,Ready,/area-guides/redwood-avenue/
13,"Safi Townhouses, Town Square",https://assets.bayut.com/content/small_Safi_Townhouses_1_scaled_2211486721.jpg,Ready,/area-guides/safi-townhouses/
13,"District 8V, District 8 JVT",https://assets.bayut.com/content/small_district_8v_jvt_23d5e38a59.jpg,Ready,/area-guides/district-8v/
13,"District 15, Jumeirah Village Circle",https://assets.bayut.com/content/small_District_15_JVC_Cover_13_10_403d315b63.jpg,Ready,/area-guides/district-15-jvc/
14,"Mushrif Village, Mirdif",https://assets.bayut.com/content/small_Mushrif_Village_Cover_08_06_570c43e706.jpg,Ready,/area-guides/mushrif-village/
14,"Garden View Villas, Jebel Ali",https://assets.bayut.com/content/small_Garden_View_Villas_Jebel_Ali_Dubai_f876286f17.jpg,Ready,/area-guides/garden-view-villas/
14,"The Ghaf Tree, Jumeirah Village Circle (JVC)",https://assets.bayut.com/content/small_The_Ghaf_Tree_Cover_20_10_0201866f01.jpg,Ready,/area-guides/ghaf-tree/
14,"Monaco Mansions, Dubai South",https://assets.bayut.com/content/small_Monaco_Mansions_cover_31_12_24_c6bfbb20e8.jpg,Off-plan,/area-guides/monaco-mansions/
14,"Sienna Views, Jumeirah Golf Estates",https://assets.bayut.com/content/small_sienna_views_jumeirah_golf_estates_cover_150719_3_6b0e87b2d0.jpg,Ready,/area-guides/sienna-views/
14,Springs 10,https://assets.bayut.com/content/small_springs_10_cover_070719_039d872764.jpg,Ready,/area-guides/springs-10/
14,"Acacia Avenues, Al Sufouh",https://assets.bayut.com/content/small_acacia_avenues_al_sufouh_cover_image_090719_08fd4ee2ed.jpg,Ready,/area-guides/acacia-avenues/
14,"Circle Villas, Jumeirah Village Circle (JVC)",https://assets.bayut.com/content/small_Circle_Villas_Cover_11_11_22_d01df84f03.jpg,Ready,/area-guides/circle-villas/
14,"District 5A, Jumeirah Village Triangle",https://assets.bayut.com/content/small_District_5_A_JVT_10_09_2020_17d053699c.jpg,Ready,/area-guides/district-5a/
14,Nad Al Sheba 2,https://assets.bayut.com/content/small_Nad_Al_Sheba_2_Cover_23_07_2020_4bb3df3b57.jpg,Ready,/area-guides/nad-al-sheba-2/
14,"Al Burooj Residence I, Jumeirah Village Triangle (JVT)",https://assets.bayut.com/content/small_al_burooj_residence_jvt_cover_230719_4_791ca6ee81.jpg,Ready,/area-guides/al-burooj-residence-i/
14,"Bulgari Ocean Mansions, Jumeirah Bay Island",https://assets.bayut.com/content/small_Bulgari_Ocean_Mansions_2nd_Jan_2025_66ed4ca785.jpg,Ready,/area-guides/bulgari-ocean-mansions/
14,SPRINGS 1,https://assets.bayut.com/content/small_springs_1_cover_image_080719_2_26398c2765.jpg,Ready,/area-guides/springs-1/
14,"Golf Homes, Arabian Ranches",https://assets.bayut.com/content/small_golf_homes_cover_300919_b59927d697.jpg,Ready,/area-guides/golf-homes/
14,"Al Burooj Residence V, Al Furjan",https://assets.bayut.com/content/small_Al_Burooj_Residence_V_Al_Furjan_Dubai_9ba6e2a5e6.jpg,Ready,/area-guides/al-burooj-residence-v/
15,"DAMAC Villas, DAMAC Hills (Akoya by DAMAC)",https://assets.bayut.com/content/small_damac_villas_damac_hills_cover_250719_9_29ed422899.jpg,Ready,/area-guides/damac-villas/
15,"Forat, The Lakes",https://assets.bayut.com/content/small_forat_the_lakes_cover_070719_d500acc901.jpg,Ready,/area-guides/forat/
15,"District 9F, Jumeirah Village Triangle",https://assets.bayut.com/content/small_district_9f_jvt_cover_280819_eb9fb39763.jpg,Ready,/area-guides/district-9f/
15,"Olive Point, Jumeirah Golf Estates",https://assets.bayut.com/content/small_olive_point_jge_point_280719_4edf64fbf8.jpg,Ready,/area-guides/olive-point/
15,"District 9M, Jumeirah Village Triangle (JVT)",https://assets.bayut.com/content/small_district_9m_jvt_cover_230719_1_fcacc3ec4e.jpg,Ready,/area-guides/district-9m/
15,"Westar Reflections, District 13 JVC",https://assets.bayut.com/content/small_Westar_Reflections_JVC_Cover_19_08_426692bd9d.jpg,Ready,/area-guides/westar-reflections/
15,"Garden Lane Villas, Jumeirah Village Circle (JVC)",https://assets.bayut.com/content/small_garden_lane_jvc_cover_230719_7_28a7b32a8b.jpg,Ready,/area-guides/garden-lane-villas/
15,"The Turf, DAMAC Hills (Akoya by DAMAC)",https://assets.bayut.com/content/small_the_turf_damac_hills_cover_250719_1_a81ee7b3ad.jpg,Ready,/area-guides/the-turf/
15,"Trixis, DAMAC Hills 2",https://assets.bayut.com/content/small_trixis_akoya_oxygen_dubai_cover_skyline_250719_b3bab5093c.jpg,Ready,/area-guides/trixis/
15,"Janusia, Akoya Oxygen",https://assets.bayut.com/content/small_janusia_damac_hills_dubai_cover_250719_94d391cd61.jpg,Ready,/area-guides/janusia/
15,"Jasmine, DAMAC Hills (Akoya by DAMAC)",https://assets.bayut.com/content/small_jasmine_damac_hills_cover_250719_2_d4ffda198b.jpg,Ready,/area-guides/jasmine/
15,"Marina Wharf, Dubai Marina",https://assets.bayut.com/content/small_marina_wharf_cover_250619_246b90c845.jpg,Ready,/area-guides/marina-wharf/
15,"Indigo Ville 5, Jumeirah Village Circle",https://assets.bayut.com/content/small_Indigo_Ville_5_Cover_14_01_2022_1305b65b34.jpg,Ready,/area-guides/indigo-ville-5/
15,"District 5C, District 5 JVT",https://assets.bayut.com/content/small_distirct_5c_jvt_covers_280819_4_48d9b25c10.jpg,Ready,/area-guides/district-5c/
15,"Trinity, DAMAC Hills (Akoya by DAMAC)",https://assets.bayut.com/content/small_trinity_damac_hills_cover_230719_f4c971f661.jpg,Ready,/area-guides/trinity/
16,"Zulal, The Lakes",https://assets.bayut.com/content/small_zulal_the_lakes_cover_images_080719_5_10ea7d2180.jpg,Ready,/area-guides/zulal/
16,"District One, Mohammed Bin Rashid City",https://assets.bayut.com/content/small_district_one_cover_031019_7d3cf970c5.jpg,Ready,/area-guides/district-one/
16,"Lime Tree Valley, Jumeirah Golf Estates",https://assets.bayut.com/content/small_lime_tree_valley_cover_260619_65a2ba27c7.jpg,Ready,/area-guides/lime-tree-valley/
16,"Odora, DAMAC Hills 2 (Akoya Oxygen)",https://assets.bayut.com/content/small_odora_dubai_image_cover_option_250719_06867a742e.jpg,Ready,/area-guides/odora/
16,Nad Al Sheba 1,https://assets.bayut.com/content/small_nad_al_sheba_cover_option_250719_5fdb59b8a0.jpg,Ready,/area-guides/nad-al-sheba-1/
16,"Seasons Community, Jumeirah Village Circle (JVC)",https://assets.bayut.com/content/small_seasons_community_jvc_cover_180719_8_c99cde9ec9.jpg,Ready,/area-guides/seasons-community/
16,AL WARQAA 2,https://assets.bayut.com/content/small_Al_Warqaa_2_profile_picture_final_93bdd5da38.jpg,Ready,/area-guides/al-warqaa-2/
16,"La Riviera Estates, Jumeirah Village Circle (JVC)",https://assets.bayut.com/content/small_la_riviera_estates_jvc_cover_040819_2_edbd3df862.jpg,Ready,/area-guides/la-riviera-estates/
16,"Hillside, Jumeirah Golf Estates",https://assets.bayut.com/content/small_hillside_jumeirah_golf_estates_cover_150719_1_772071803d.jpg,Ready,/area-guides/hillside/
16,Warsan 3,https://assets.bayut.com/content/small_warsan_3_cover_180819_c349a77d50.jpg,Ready,/area-guides/warsan-3/
16,"Al Waha, Dubailand",https://assets.bayut.com/content/small_cover_0d009e9302.jpg,Ready,/area-guides/al-waha/
16,"Al Wasl Villas, Al Badaa",https://assets.bayut.com/content/small_Al_Wasl_Villas_Cover_14_7_23_579bf8241e.jpg,Ready,/area-guides/al-wasl-villas/
16,"Gallery Villas, Dubai Sports City",https://assets.bayut.com/content/small_gallery_villas_dubai_sports_city_260619_27feca7164.jpg,Ready,/area-guides/gallery-villas/
16,"Bella Casa, Serena",https://assets.bayut.com/content/small_bella_casa_serena_070719_4251729c25.jpg,Ready,/area-guides/bella-casa/
16,"Basswood, Akoya Oxygen",https://assets.bayut.com/content/small_basswood_akoya_oxygen_dubai_cover_3_250719_95c8dd9a8d.jpg,Ready,/area-guides/basswood/
17,"Whitefield, DAMAC Hills",https://assets.bayut.com/content/small_whitefield_damac_hills_cover_250719_7_7925d5fa4c.jpg,Ready,/area-guides/whitefield/
17,"Bloomingdale, Dubai Sports City",https://assets.bayut.com/content/small_bloomingdale_dubai_sports_city_cover_170719_2_abc159f8bc.jpg,Ready,/area-guides/bloomingdale/
17,Al Burooj Residence IV,https://assets.bayut.com/content/small_al_burooj_residence_jvt_cover_230719_aed66abc88.jpg,Ready,/area-guides/al-burooj-residence-iv/
17,"Al Andalus, Jumeirah Golf Estates",https://assets.bayut.com/content/small_al_andalus_jumeirah_golf_estates_cover_150719_4_baf957526b.jpg,Ready,/area-guides/al-andalus/
17,"Pacifica, AKOYA Oxygen",https://assets.bayut.com/content/small_pacifica_dubai_cover_option_280819_6_f1808d6b58.jpg,Ready,/area-guides/pacifica/
17,"Al Twar 2, Al Twar",https://assets.bayut.com/content/small_al_twar_2_cover_230719_2_4ae0f71160.jpg,Ready,/area-guides/al-twar-2/
17,Meydan One,https://assets.bayut.com/content/small_meydan_one_cover_230719_fad712de94.jpg,Ready,/area-guides/meydan-one/
17,"The Aldea, The Villa",https://assets.bayut.com/content/small_The_Aldea_4f905a315e.jpg,Ready,/area-guides/the-aldea/
17,"Palma Residences, Palm Jumeirah",https://assets.bayut.com/content/small_palma_palm_jumeirah_cover_200519_84df677286.jpg,Ready,/area-guides/palma-residences/
17,Umm Suqeim 1,https://assets.bayut.com/content/small_Umm_Suqeim_1_Dubai_adaa16cf88.jpg,Ready,/area-guides/umm-suqeim-1/
17,"Mirador La Coleccion, Arabian Ranches",https://assets.bayut.com/content/small_mirador_la_coleccion_arabian_ranches_cover_image_options_260619_6_406efc8c70.jpg,Ready,/area-guides/mirador-la-coleccion/
17,"Al Mesk Villas, Dubai Marina",https://assets.bayut.com/content/small_al_anbar_marina_cover_image_250619_3ebef5237f.jpg,Ready,/area-guides/al-mesk-villas/
17,Meadows 5,https://assets.bayut.com/content/small_meadows_5_cover_080719_0806acc20d.jpg,Ready,/area-guides/meadows-5/
17,"DAMAC Royal Golf Boutique Villas, Jumeirah Golf Estates",https://assets.bayut.com/content/small_royal_golf_villas_cover_230619_dec38f18ef.jpg,Ready,/area-guides/damac-royal-golf-boutique-villas/
17,Al Habtoor Polo Resort and Club - The Residences,https://assets.bayut.com/content/small_Al_Habtoor_Polo_Resort_and_Club_Cover_16_06_84d35aa175.jpg,Ready,/area-guides/al-habtoor-polo-resort-and-club-the-residences/
18,Dubai Science Park,https://assets.bayut.com/content/small_Ycr_DW_84_O_68c3012d7c.jpeg,Ready,/area-guides/dubai-science-park/
18,Al Mizhar 2,https://assets.bayut.com/content/small_al_mizhar_cover_180719_b65e0c33ad.jpg,Ready,/area-guides/al-mizhar-2/
18,Meadows 3,https://assets.bayut.com/content/small_meadows_3_cover_image_080719_3_d0d207f35a.jpg,Ready,/area-guides/meadows-3/
18,"Sanctnary, DAMAC Hills 2",https://assets.bayut.com/content/small_sanctnary_dubai_cover_image_040819_164748e8b2.jpg,Ready,/area-guides/sanctnary/
18,"Wildflower, Jumeirah Golf Estates",https://assets.bayut.com/content/small_jge_cover_image_210519_208b1ffc11.jpg,Ready,/area-guides/wildflower/
18,The Sustainable City,https://assets.bayut.com/content/small_cover_21_dec_2018_ag_02_6bb844e532.jpg,Ready,/area-guides/the-sustainable-city/
18,Mudon,https://assets.bayut.com/content/small_Mudon_Cover_16_03_929239b85b.jpg,Ready,/area-guides/mudon/
18,Dubai Culture Village,https://assets.bayut.com/content/small_dubi_culture_village_cover_120619_f853b20c8f.jpg,Ready,/area-guides/dubai-culture-village/
18,"Iris Park, Jumeirah Village Circle (JVC)",https://assets.bayut.com/content/small_iris_park_jvc_cover_230719_9_e84ac3d707.jpg,Ready,/area-guides/iris-park/
18,"District 7B, Jumeirah Village Triangle",https://assets.bayut.com/content/small_district_7_B_jvt_cover_5_b8c02f108b.jpg,Ready,/area-guides/district-7b/
18,"Alvorada, Arabian Ranches",https://assets.bayut.com/content/small_alvorada_cover_300919_5e8fee7ceb.jpg,Ready,/area-guides/alvorada/
18,"Bait Al Aseel, Akoya Oxygen",https://assets.bayut.com/content/small_Bait_Al_Aseel_Cover_20210410_84670344e6.jpg,Ready,/area-guides/bait-al-aseel/
18,"The Palmarosa, Dubailand",https://assets.bayut.com/content/small_the_palmarosa_dubailand_cover_080819_e94d067eee.jpg,Ready,/area-guides/the-palmarosa/
18,"Bliss, Arabian Ranches 3",https://assets.bayut.com/content/small_Bliss_Arabian_Ranches_6ba35e351b.jpg,Ready,/area-guides/bliss-arabian-ranches-3/
18,"The Spanish Villas, Dubai Industrial Park",https://assets.bayut.com/content/small_spanish_villas_dubai_industrial_park_cover_250719_bf81c9d9bf.jpg,Ready,/area-guides/spanish-villas/
19,"Hartland Water Canal Villas, Mohammed Bin Rashid City",https://assets.bayut.com/content/small_Water_Canal_Villas_MBR_City_96972b5c3e.jpg,Ready,/area-guides/hartland-water-canal-villas/
19,Springs 11,https://assets.bayut.com/content/small_the_springs_11_cover_170619_3c426fe919.jpg,Ready,/area-guides/springs-11/
19,Al Mamzar,https://assets.bayut.com/content/small_al_mamzar_cover_photo_3daac5639f.jpg,Ready,/area-guides/al-mamzar-dubai/
19,"Kingdom of Sheba, Palm Jumeirah",https://assets.bayut.com/content/small_kingdom_of_sheba_palm_cover_image_240619_15bb00f92c.jpg,Ready,/area-guides/kingdom-of-sheba/
19,"Ghadeer 2, The Lakes",https://assets.bayut.com/content/small_Ghadeer_2_The_Lakes_01062021_aaa20ea342.jpg,Ready,/area-guides/ghadeer-2/
19,Al Mizhar 3,https://assets.bayut.com/content/small_Oud_Al_Muteena_3_Cover_09_07_29c9f23e69.jpg,Ready,/area-guides/al-mizhar-3/
19,"Juniper, Akoya Oxygen",https://assets.bayut.com/content/small_juniper_akoya_oxygen_cover_010819_2_08eba260aa.jpg,Ready,/area-guides/juniper/
19,"Somerset Mews, Jumeirah Village Circle (JVC)",https://assets.bayut.com/content/small_Somerset_Mews_Cover_21_3_23_78431a6cb8.jpg,Ready,/area-guides/somerset-mews/
19,"Hattan 1, The Lakes",https://assets.bayut.com/content/small_Hattan_1_06092021_5e33a54ac7.jpg,Ready,/area-guides/hattan-1/
19,Desert Springs Village,https://assets.bayut.com/content/small_Desert_Springs_Village_Cover_09_08_8ada2781b5.jpg,Ready,/area-guides/desert-springs-village/
19,"Tameem Villas, Mirdif",https://assets.bayut.com/content/small_Tameem_Villas_Mirdif_Dubai_b1ceede48b.jpg,Ready,/area-guides/tameem-villas/
19,"PODIUM VILLAS, SOUTH RIDGE TOWERS",https://assets.bayut.com/content/small_Podium_Villas_Cover_04_03_5b941e7263.jpg,Ready,/area-guides/podium-villas-south-ridge/
19,"Mirador La Colleccion 2, Arabian Ranches",https://assets.bayut.com/content/small_Mirador_La_Colleccion_2_Arabian_Ranches_15062021_aac491ea76.jpg,Ready,/area-guides/mirador-la-colleccion-2/
19,"The Habitat, Jumeirah Village Circle (JVC)",https://assets.bayut.com/content/small_the_habitat_jvc_cover_230719_4_db88f58fbe.jpg,Ready,/area-guides/the-habitat/
19,Nad Al Sheba 4,https://assets.bayut.com/content/small_nad_al_sheba_cover_option_250719_cf6db96146.jpg,Ready,/area-guides/nad-al-sheba-4/
20,"Harmony 3,  Tilal Al Ghaf",https://assets.bayut.com/content/small_Harmony_2_Cover_2_11_22_a9ae2f451c.jpg,Off-plan,/area-guides/harmony-3/
20,"District 5B, District 5 JVT",https://assets.bayut.com/content/small_jvt_cover_101920_bedee37490.jpg,Ready,/area-guides/district-5b/
20,"Mira Oasis 3, Reem Dubai",https://assets.bayut.com/content/small_Mira_Oasis_3_Reem_07042021_823a93c493.jpg,Ready,/area-guides/mira-oasis-3/
20,"District 9H, Jumeirah Village Triangle",https://assets.bayut.com/content/small_district_9_jvt_1212020_e5f4817919.jpg,Ready,/area-guides/district-9h/
20,"Oasis Villas, District 13 JVC",https://assets.bayut.com/content/small_Oasis_Flex_Villas_Cover_Photo_16_1_23_5ee275d73c.jpg,Ready,/area-guides/oasis-villas-jvc/
20,"District 1B, Jumeirah Village Triangle",https://assets.bayut.com/content/small_District_1_B_Jumeirah_Village_Triangle_08022021_ff89bb103c.jpg,Ready,/area-guides/district-1b/
20,"Cosmo Villas, Al Barsha 1",https://assets.bayut.com/content/small_Cosmo_Villas_7_1_2022_0ae4b815fc.jpg,Ready,/area-guides/cosmo-villas/
20,"Cherrywoods, Dubailand",https://assets.bayut.com/content/small_Cherrywoods_Cover_Photo_11_10_23_7d46c25a68.jpg,Ready,/area-guides/cherrywoods/
20,Al Sufouh 2,https://assets.bayut.com/content/small_al_sufouh_2_cover_090719_7fd63a2a28.jpg,Ready,/area-guides/al-sufouh-2/
20,"Naif Road, Naif",https://assets.bayut.com/content/small_Naif_Road_10_11_2022_f111edd247.jpg,Ready,/area-guides/naif-road/
20,"Al Barsha South 2, Dubai",https://assets.bayut.com/content/small_Al_Barsha_South_2_Cover_06_04_4e65ba093c.jpg,Ready,/area-guides/al-barsha-south-2-dubai/
20,"District 8M, Jumeirah Village Triangle (JVT)",https://assets.bayut.com/content/small_jvt_101420_dc783599da.jpg,Ready,/area-guides/district-8m/
20,"District 1C, Jumeirah Village Triangle",https://assets.bayut.com/content/small_jvt_101420_a599a129b6.jpg,Ready,/area-guides/district-1c/
20,"Sobha Hartland, Mohammed Bin Rashid City",https://assets.bayut.com/content/small_Sobha_Hartland_Cover_20_04_173c3d57ee.jpg,Ready,/area-guides/sobha-hartland/
20,"District 7, Mohammed Bin Rashid City",https://assets.bayut.com/content/small_district_7_mbr_city_cover_photo_0160faf5bf.jpg,Ready,/area-guides/district-7/
21,"Casa, Arabian Ranches 2",https://assets.bayut.com/content/small_CASA_8_cover_c3f2444131.jpg,Ready,/area-guides/casa/
21,Al Wasl Road,https://assets.bayut.com/content/small_Al_Wasl_Road_Cover_Photo_3_3_23_dce8e69560.jpg,Ready,/area-guides/al-wasl-road/
21,"Terra Nova, Arabian Ranches",https://assets.bayut.com/content/small_terra_nova_arabian_ranches_cover_image_options_260619_7_b23f2b910d.jpg,Ready,/area-guides/terra-nova/
21,"District 7E, Jumeirah Village Triangle (JVT)",https://assets.bayut.com/content/small_distrct_7e_jvt_cover_230719_4_cc2bb2d3af.jpg,Ready,/area-guides/district-7e/
21,"Cordoba Residence, Al Sufouh 2",https://assets.bayut.com/content/small_Cordoba_Residence_Cover_Photo_19_4_23_220d9447c5.jpg,Ready,/area-guides/cordoba-residence/
21,"Samara, Arabian Ranches 2",https://assets.bayut.com/content/small_samara_arabian_ranches_2_cover_160519_8ba875f4e5.jpg,Ready,/area-guides/samara/
21,"Al Khawaneej 2, Al Khawaneej",https://assets.bayut.com/content/small_al_khawaneej_2_cover_option_010719_e141a1f1c0.jpg,Ready,/area-guides/al-khawaneej-2/
21,SPRINGS 15,https://assets.bayut.com/content/small_Springs_15_Cover_25_05_7984b85157.jpg,Ready,/area-guides/springs-15/
21,"La Avenida, Arabian Ranches",https://assets.bayut.com/content/small_la_avenida_arabian_ranches_cover_image_options_260619_9_97636f6414.jpg,Ready,/area-guides/la-avenida/
21,"Al Rigga, Deira",https://assets.bayut.com/content/small_Al_Rigga_Cover_08_01_2020_49177d6dfe.jpg,Ready,/area-guides/al-rigga/
21,"Polo Homes, Arabian Ranches",https://assets.bayut.com/content/small_arabian_ranches_cover_190519_3505017da2.jpg,Ready,/area-guides/polo-homes/
21,"Sahara Meadows, Dubai Industrial Park",https://assets.bayut.com/content/small_sahara_meadows_dubai_industrial_park_cover_250719_14807e8ce7.jpg,Ready,/area-guides/sahara-meadows/
21,"Bay Central, Dubai Marina",https://assets.bayut.com/content/small_dubai_marina_cover_250619_39f9ca5175.jpg,Ready,/area-guides/bay-central/
21,"Al Badia Buildings, Dubai Festival City",https://assets.bayut.com/content/small_al_badia_residences_cover_010719_c502d786af.jpg,Ready,/area-guides/al-badia-buildings/
21,"Jumeirah Luxury, Jumeirah Golf Estate",https://assets.bayut.com/content/small_jumeirah_luxury_cover_260619_2225dc6cca.jpg,Ready,/area-guides/jumeirah-luxury/
22,"Signature Mansions, Jumeirah Golf Estates",https://assets.bayut.com/content/small_Signature_Mansions_Jumeirah_Golf_Estates_b9c1aaa615.jpg,Off-plan,/area-guides/signature-mansions/
22,"Caya 2, Arabian Ranches 3",https://assets.bayut.com/content/small_CAYA_II_Cover_Photo_08_10_23_04464396e0.jpg,Off-plan,/area-guides/caya-2/
22,"The Sanctuary, MBR City",https://assets.bayut.com/content/small_The_Sanctuary_MBR_City_20_3_23_a6698a08ea.jpg,Off-plan,/area-guides/the-sanctuary-mbr-city/
22,The World Islands,https://assets.bayut.com/content/small_Resized_Cover_image_18_10_23_f04d596f78.jpg,Ready,/area-guides/the-world-islands/
22,"June 2, Arabian Ranches 3",https://assets.bayut.com/content/small_off_plan_guide_June_2_Cover_1_6_23_61fcd6269f.jpg,Off-plan,/area-guides/june-2-arabian-ranches-3/
22,"Sobha Hartland Estates, MBR City",https://assets.bayut.com/content/small_sobha_hartland_cover_060519_5bca519f7c.jpg,Ready,/area-guides/sobha-hartland-estates/
22,Oud Al Muteena 1,https://assets.bayut.com/content/small_oud_al_muteena_cover_28819_59363cdb5a.jpg,Ready,/area-guides/oud-al-muteena-1/
22,"Bianca, Dubailand",https://assets.bayut.com/content/small_Bianca_Dubailand_16052023_46d18a0570.jpg,Off-plan,/area-guides/bianca/
22,"Verdana II, Dubai Investments Park",https://assets.bayut.com/content/small_Verdana_II_off_plan_Cover_6_6_23_a9e37be5af.jpg,Off-plan,/area-guides/verdana-2/
22,"Mirdif 44 Villas, Uptown Mirdif",https://assets.bayut.com/content/small_Mirdif_44_Villas_Cover_9_2_23_c1ae152274.jpg,Ready,/area-guides/mirdif-44-villas/
22,"Camelia, DAMAC Hills 2 (Akoya Oxygen)",https://assets.bayut.com/content/small_Camelia_DAMAC_Hills_2_Akoya_Oxygen_Dubai_94c92e1141.jpg,Off-plan,/area-guides/camelia-damac-hills-2/
22,"Bungalows Area, Green Community West",https://assets.bayut.com/content/small_green_community_west_cover_260619_8c9b7420cd.jpg,Ready,/area-guides/bungalows-area/
22,"Maha Villas, Expo City Dubai",https://assets.bayut.com/content/small_Maha_Villas_Expo_Valley_e940308523.jpg,Off-plan,/area-guides/maha-villas/
22,The Springs 5,https://assets.bayut.com/content/small_The_Springs_5_Cover_25_10_406c1fbf5c.jpg,Ready,/area-guides/the-springs-5/
22,"Morocco, DAMAC Lagoons",https://assets.bayut.com/content/small_Morocco_Cover_20_6_23_48ac470622.jpg,Off-plan,/area-guides/morocco-damac-lagoons/
23,"Elie Saab 2, Arabian Ranches 3",https://assets.bayut.com/content/small_Elie_Saab_2_Cover_3_4_23_2788fa8ca9.jpg,Off-plan,/area-guides/elie-saab-2-arabian-ranches-3/
23,"Marbella, DAMAC Lagoons",https://assets.bayut.com/content/small_Marbella_Off_Plan_Cover_12_12_22_efef89a474.jpg,Off-plan,/area-guides/marbella-damac-lagoons/
23,"Alma 1, Arabian Ranches",https://assets.bayut.com/content/small_alma_arabian_ranches_cover_040819_2e7b2c6c5d.jpg,Ready,/area-guides/alma-1/
23,"MAG Park, MBR City",https://assets.bayut.com/content/small_MAG_Park_Cover_28_10_22_a6d1f8d81e.jpg,Off-plan,/area-guides/mag-park/
23,"Raya, Arabian Ranches 3",https://assets.bayut.com/content/small_Raya_Off_Plan_Cover_20_12_22_3a24a657fd.jpg,Off-plan,/area-guides/raya-arabian-ranches-3/
23,"District 6, Jumeirah Park",https://assets.bayut.com/content/small_District_6_Jumeirah_Park_19e71feeb3.jpg,Ready,/area-guides/district-6/
23,"Bliss 2, Arabian Ranches 3",https://assets.bayut.com/content/small_off_plan_guide_Bliss_2_Cover_2_9_22_c08b584383.jpg,Off-plan,/area-guides/bliss-2/
23,"Verdana, Dubai Investments Park (DIP)",https://assets.bayut.com/content/small_Verdana_Off_Plan_Cover_26_12_2022_8f8ad0990f.jpg,Off-plan,/area-guides/verdana-dubai-investments-park-dip/
23,"Mira Oasis 2, Reem",https://assets.bayut.com/content/small_cover_mira_oasis_26_02_20_1d58eb3eb6.jpg,Ready,/area-guides/mira-oasis-2/
23,"Hartland Forest Villas, Sobha Hartland",https://assets.bayut.com/content/small_Forest_Villas_Cover_16_9_22_37f207612c.jpg,Ready,/area-guides/hartland-forest-villas/
23,"Al Warqaa 5, Dubai",https://assets.bayut.com/content/small_Al_Warqaa_5_Al_Warqaa_Dubai_1_74faebf12a.jpg,Ready,/area-guides/al-warqaa-5/
23,"Greenwoods, DAMAC Hills",https://assets.bayut.com/content/small_Greenwoods_26_9_22_a8f6fe2818.jpg,Off-plan,/area-guides/greenwoods-damac-hills/
23,"The Neighbourhood, Al Barari",https://assets.bayut.com/content/small_The_Neighbourhood_Cover_14_10_22_1_c82ba4a1df.jpg,Ready,/area-guides/the-neighbourhood-al-barari/
23,"Aura Gardens, Tilal Al Ghaf",https://assets.bayut.com/content/small_Aura_Gardens_Tilal_Al_Ghaf_4be46e8ac0.jpg,Off-plan,/area-guides/aura-gardens/
23,"Address Villas Hillcrest,  Dubai Hills Estate",https://assets.bayut.com/content/small_Address_Villas_Hillcrest_Cover_8_9_22_f76e07d243.jpg,Off-plan,/area-guides/address-villas-hillcrest/
24,"Venice, DAMAC Lagoons",https://assets.bayut.com/content/small_Venice_14_7_2022_97ac7f6525.jpg,Off-plan,/area-guides/venice-damac-lagoons/
24,"Golf Place I, Dubai Hills Estate",https://assets.bayut.com/content/small_Golf_Place_I_Dubai_Hills_Estate_25_8_22_918d25c8be.jpg,Ready,/area-guides/golf-place-1/
24,"The Legends, DAMAC Hills",https://assets.bayut.com/content/small_The_Legends_Cover_28_9_22_110de1fc46.jpg,Off-plan,/area-guides/the-legends-damac-hills/
24,"Umm Hurair 1, Bur Dubai",https://assets.bayut.com/content/small_Umm_Hurair_1_19_05_2022_e26e8e1d61.jpg,Ready,/area-guides/umm-hurair-1/
24,"Costa Brava, DAMAC Lagoons",https://assets.bayut.com/content/small_Costa_Brava_DAMAC_Lagoons_c7bfd33977.jpg,Off-plan,/area-guides/costa-brava-damac-lagoons/
24,"La Violeta, Villanova",https://assets.bayut.com/content/small_La_Violeta_Off_Plan_9_9_22_2adc0595e6.jpg,Off-plan,/area-guides/la-violeta/
24,"NICE Villas, Damac Lagoons",https://assets.bayut.com/content/small_Nice_Off_Plan_5_7_2022_b20d9dcce6.jpg,Off-plan,/area-guides/nice-damac-lagoons/
24,"Shams Townhouses, Town Square",https://assets.bayut.com/content/small_Shams_Townhouses_11_8_22_7ca099833c.jpg,Off-plan,/area-guides/shams-townhouses/
24,"Cavalli Estates, DAMAC Hills",https://assets.bayut.com/content/small_Cavalli_Estate_28_7_2022_be614739c1.jpg,Ready,/area-guides/cavalli-estates/
24,"Malta, DAMAC Lagoons",https://assets.bayut.com/content/small_Malta_Off_Plan_Cover_20_7_2022_de39cdc5a2.jpg,Off-plan,/area-guides/malta-damac-lagoons/
24,"Eastern Residences, Falcon City of Wonders",https://assets.bayut.com/content/small_Eastern_Residences_Cover_7_9_22_b5e59d3caa.jpg,Off-plan,/area-guides/eastern-residences/
24,"The Field, The Park Villas",https://assets.bayut.com/content/small_Cover_001_70c9eafc0b.jpg,Ready,/area-guides/the-field/
24,"The Pulse Beachfront, Dubai South",https://assets.bayut.com/content/small_The_Pulse_Beachfront_19_9_22_60e77caefd.jpg,Off-plan,/area-guides/the-pulse-beachfront/
24,"Aura, Tilal Al Ghaf",https://assets.bayut.com/content/small_Aura_Tilal_Al_Ghaf_f05112b823.jpg,Off-plan,/area-guides/aura-tilal-al-ghaf/
24,"Paradise Hills, Golf City",https://assets.bayut.com/content/small_Paradise_Hills_Cover_31_8_22_e708d267e3.jpg,Off-plan,/area-guides/paradise-hills-dubai/
25,"District 5, Jumeirah Park",https://assets.bayut.com/content/small_District_5_Cover_25_01_2022_06b053c6a2.jpg,Ready,/area-guides/district-5-jumeirah-park/
25,"Dubai Healthcare City, Bur Dubai",https://assets.bayut.com/content/small_Dubai_Healthcare_City_Bur_Dubai_c5562e0a7d.jpg,Ready,/area-guides/dubai-healthcare-city/
25,"Khalid Bin Waleed Road, Bur Dubai",https://assets.bayut.com/content/small_Khalid_Bin_Waleed_Road_Bur_Dubai_5255d4546a.jpg,Ready,/area-guides/khalid-bin-waleed-road/
25,"Al Raffa, Bur Dubai",https://assets.bayut.com/content/small_Al_Raffa_Cover_23_2_2022_0143792232.jpg,Ready,/area-guides/al-raffa-bur-dubai/
25,"Indigo Ville 8, Jumeirah Village Circle",https://assets.bayut.com/content/small_Indigo_Ville_8_Cover_Photo_2_2_2022_116941716e.jpg,Ready,/area-guides/indigo-ville-8/
25,"B Villas, Living Legends",https://assets.bayut.com/content/small_B_Villas_21_6_2022_eeca2da241.jpg,Ready,/area-guides/b-villas-living-legends/
25,"Cluster 1, The Sustainable City",https://assets.bayut.com/content/small_Cluster_1_4_3_2022_12849ca6f1.jpg,Ready,/area-guides/cluster-1-the-sustainable-city/
25,"Mirabella 2, Jumeirah Village Circle",https://assets.bayut.com/content/small_Mirabella_2_16_2_2022_a0b36f913b.jpg,Ready,/area-guides/mirabella-2/
25,"Al Qusais Industrial Area, Al Qusais",https://assets.bayut.com/content/small_Al_Qusais_Industrial_Area_Al_Qusais_Dubai_48467ab5cd.jpg,Ready,/area-guides/al-qusais-industrial-area/
25,"BIELA VILLAS, AVENCIA, DAMAC HILLS 2",https://assets.bayut.com/content/small_Biela_Villas_Cover_25_02_2ecb1e4d20.jpg,Ready,/area-guides/biela-villas/
25,"La Mer, Jumeirah",https://assets.bayut.com/content/small_La_Mer_Cover_1_3_2022_209c10d8d7.jpg,Ready,/area-guides/la-mer-jumeirah/
25,"Indigo Ville 7, Jumeirah Village Circle",https://assets.bayut.com/content/small_Indigo_Ville_7_JVC_8_2_2022_a725964fe3.jpg,Ready,/area-guides/indigo-ville-7/
25,"Al Qusais 2, Al Qusais",https://assets.bayut.com/content/small_Al_Qusais_2_Cover_Image_c373dff8c0.jpg,Ready,/area-guides/al-qusais-2/
25,"Indigo Ville 3, Jumeirah Village Circle",https://assets.bayut.com/content/small_Indigo_Ville_3_Cover_Photo_10_1_2022_6f653206a8.jpg,Ready,/area-guides/indigo-ville-3/
25,"Ras Al Khor Industrial 3, Dubai",https://assets.bayut.com/content/small_Ras_Al_Khor_Industrial_3_Ras_Al_Khor_Dubai_e88b7d8234.jpg,Ready,/area-guides/ras-al-khor-industrial-3/
26,"Maeen 2, The Lakes",https://assets.bayut.com/content/small_Maeen_1_Cover_17_08_32f4df2417.jpg,Ready,/area-guides/maeen-2/
26,Sur La Mer,https://assets.bayut.com/content/small_Sur_La_Mer_Cover_photo_25_10_23_60cb847956.jpg,Ready,/area-guides/sur-la-mer/
26,"Al Qusais Industrial 1, Al Qusais",https://assets.bayut.com/content/small_Al_Qusais_Industrial_1_Al_Qusais_30092021_8b356940fa.jpg,Ready,/area-guides/al-qusais-industrial-1/
26,"Cassia at the Fields, Mohammed Bin Rashid City",https://assets.bayut.com/content/small_Cassia_at_the_Fields_09092021_29f76f68df.jpg,Ready,/area-guides/cassia-at-the-fields/
26,"Haven Villas, Jumeirah Village Circle",https://assets.bayut.com/content/small_Haven_Villas_21082021_75caf5e8ad.jpg,Ready,/area-guides/haven-villas/
26,"Alvorada 4, Arabian Ranches",https://assets.bayut.com/content/small_Alvorada_4_20082021_40ddb1dee9.jpg,Ready,/area-guides/alvorada-4/
26,"Golf Links, EMAAR South",https://assets.bayut.com/content/small_Golf_Links_Cover_photo_2_12_2021_183bf9d321.jpg,Ready,/area-guides/golf-links/
26,"Deema 4, The Lakes",https://assets.bayut.com/content/small_Deema_4_9_11_2021_d31f750655.jpg,Ready,/area-guides/deema-4/
26,"La Avenida 2, Arabian Ranches",https://assets.bayut.com/content/small_La_Avenida_2_17082021_5545e27788.jpg,Ready,/area-guides/la-avenida-2/
26,"Casa Familia, Motor City",https://assets.bayut.com/content/small_Casa_Familia_Cover_27_09_f02b21f075.jpg,Ready,/area-guides/casa-familia/
26,"Deema 1, The Lakes",https://assets.bayut.com/content/small_Deema_1_Cover_07_09_34d69a3c72.jpg,Ready,/area-guides/deema-1/
26,"Indigo Ville 1, Jumeirah Village Circle",https://assets.bayut.com/content/small_Indigo_Ville_1_Cover_12_01_2022_064b5aa97b.jpg,Ready,/area-guides/indigo-ville-1/
26,"Indigo Ville 4, Jumeirah Village Circle",https://assets.bayut.com/content/small_Indigo_Ville_4_28_1_2022_de897689cc.jpg,Ready,/area-guides/indigo-ville-4/
26,"Cluster 3, The Sustainable City",https://assets.bayut.com/content/small_Cluster_3_The_Sustainable_City_03_01_2022_383134dd56.jpg,Ready,/area-guides/cluster-3/
26,"Zulal 2, The Lakes",https://assets.bayut.com/content/small_Zulal_2_The_Lakes_07b643b91b.jpg,Ready,/area-guides/zulal-2/
27,"Maple 2, Dubai Hills Estate",https://assets.bayut.com/content/small_Maple_At_Dubai_Hills_Estate_2_Cover_1_10_2021_453a186cfb.jpg,Ready,/area-guides/maple-2-dubai-hills-estate/
27,"Indigo Ville 6, Jumeirah Village Circle",https://assets.bayut.com/content/small_Indigo_Ville_6_21_9_2021_02c9ee146f.jpg,Ready,/area-guides/indigo-ville-6/
27,"Arabella 3, Mudon",https://assets.bayut.com/content/small_Arabella_3_Cover_03_08_2021_f8554c0b70.jpg,Ready,/area-guides/arabella-3/
27,"Lilac Park, Jumeirah Village Circle (JVC)",https://assets.bayut.com/content/small_Lilac_Park_Cover_Photo_12_02_2021_8e99cb6561.jpg,Ready,/area-guides/lilac-park-jvc/
27,"Novelia, Dubai Sports City",https://assets.bayut.com/content/small_Novelia_25_8_2021_40c4a9d66b.jpg,Ready,/area-guides/novelia-dsc/
27,"Maeen 3, The Lakes",https://assets.bayut.com/content/small_Maeen_3_Cover_28_07_ee13156229.jpg,Ready,/area-guides/maeen-3/
27,"Mirabella 3, Jumeirah Village Circle",https://assets.bayut.com/content/small_Mirabella_3_JVC_09082021_35f1006b37.jpg,Ready,/area-guides/mirabella-3/
27,"Sidra 3 Villas, Dubai Hills Estate",https://assets.bayut.com/content/small_Sidra_Villas_III_Cover_14_09_2021_f1ef8787ed.jpg,Ready,/area-guides/sidra-villas-3/
27,"Marbella Village, Dubai Sports City",https://assets.bayut.com/content/small_Marbella_Village_Cover_Photo_6_8_2021_49c93db2b1.jpg,Ready,/area-guides/marbella-village-dsc/
27,"Mirabella 8, Jumeirah Village Circle (JVC)",https://assets.bayut.com/content/small_Mirabella_8_27_9_2021_632aad3ecd.jpg,Ready,/area-guides/mirabella-8/
27,"Sidra Villas I, Dubai Hills Estate",https://assets.bayut.com/content/small_Sidra_Villas_I_Cover_18_10_2021_7ed78d5bc0.jpg,Ready,/area-guides/sidra-villas-1/
27,"Saheel 1, Arabian Ranches",https://assets.bayut.com/content/small_Saheel_1_19_7_2021_908ff4eced.jpg,Ready,/area-guides/saheel-1/
27,Al Barsha South 1,https://assets.bayut.com/content/small_Al_Barsha_South_1_Dubai_175e164468.jpg,Ready,/area-guides/al-barsha-south-1/
27,"Zulal 3, The Lakes",https://assets.bayut.com/content/small_Zulal_3_Cover_11_08_009b069f68.jpg,Ready,/area-guides/zulal-3/
27,"Saheel 2, Arabian Ranches",https://assets.bayut.com/content/small_Saheel_2_Arabian_Ranches_20052021_b59b3b43d0.jpg,Ready,/area-guides/saheel-2/
28,"Calero, DAMAC Hills (Akoya by DAMAC)",https://assets.bayut.com/content/small_Calero_DAMAC_Hills_3848e5387b.jpg,Ready,/area-guides/calero/
28,Oud Metha,https://assets.bayut.com/content/small_oudmetha12_11_20_1084810fa3.jpg,Ready,/area-guides/oud-metha/
28,"District 9O, Jumeirah Village Triangle",https://assets.bayut.com/content/small_District_9_O_Cover_Photo_08_02_2021_53466bfc20.jpg,Ready,/area-guides/district-9o/
28,"Westar Vista, Jumeirah Village Circle (JVC)",https://assets.bayut.com/content/small_Wester_Vista_22_6_23_513c5cfdaa.jpg,Ready,/area-guides/westar-vista/
28,"Sunset Gardens, Jumeirah Village Circle",https://assets.bayut.com/content/small_Sunset_Gardens_JVC_Dubai_0fed07243d.jpg,Ready,/area-guides/sunset-gardens/
28,"Mira 4, Reem Dubai",https://assets.bayut.com/content/small_Mira_4_Reem_Dubai_Cover_01_04_44c4c8d260.jpg,Ready,/area-guides/mira-4/
28,"District 8Q, Jumeirah Village Triangle",https://assets.bayut.com/content/small_District_8_Q_JVT_Cover_08_02_d8e1bc2e70.jpg,Ready,/area-guides/district-8q/
28,"Mira Oasis 1, Reem",https://assets.bayut.com/content/small_Mira_Oasis_1_Cover_06_01_c4e4ed0eca.jpg,Ready,/area-guides/mira-oasis-1/
28,"Jebel Ali Hills, Jebel Ali",https://assets.bayut.com/content/small_Jebel_Ali_Hills_28_09_2020_b3725fc351.jpg,Ready,/area-guides/jebel-ali-hills/
28,"Al Reem 2, Arabian Ranches",https://assets.bayut.com/content/small_Al_Reem_2_Cover_23_12_e3ef2ed592.jpg,Ready,/area-guides/al-reem-2/
28,"District 5E, Jumeirah Village Triangle",https://assets.bayut.com/content/small_District_5_E_Jumeirah_Village_Triangle_ce2c044ae0.jpg,Ready,/area-guides/district-5e/
28,"Maple 1, Dubai Hills",https://assets.bayut.com/content/small_Maple_at_Dubai_Hills_Estate_1_Cover_23_12_35f93091db.jpg,Ready,/area-guides/maple-1-dubai-hills-estate/
28,"Al Reem 1, Arabian Ranches",https://assets.bayut.com/content/small_Al_Reem_1_Cover_23_12_a8451ab5a6.jpg,Ready,/area-guides/al-reem-1/
28,"Westar La Residencia del Sol, JVC",https://assets.bayut.com/content/small_Westar_La_Residencia_del_Sol_Cover_26_05_2021_5beb9be775.jpg,Ready,/area-guides/westar-la-residencia-del-sol-jvc/
28,"The Gardens, Dubai",https://assets.bayut.com/content/small_The_Gardens_Cover_27_4_23_db2a446459.jpg,Ready,/area-guides/the-gardens/
29,"Primrose, DAMAC Hills 2",https://assets.bayut.com/content/small_Primrose_13th_July_2020_f1c68693cc.jpg,Ready,/area-guides/primrose-akoya-oxygen/
29,Pearl Jumeirah,https://assets.bayut.com/content/small_Pearl_Jumeirah_cover_61620_25bde01c02.jpg,Ready,/area-guides/pearl-jumeirah/
29,"Ruba, Arabian Ranches 3",https://assets.bayut.com/content/small_Ruba_Arabian_Ranches_3_3ab5ace230.jpg,Ready,/area-guides/ruba/
29,"Al Twar, Dubai",https://assets.bayut.com/content/small_Al_Twar_Dubai_b97700a4af.jpg,Ready,/area-guides/al-twar/
29,"Al Mina, Dubai",https://assets.bayut.com/content/small_Al_Mina_Dubai_Cover_29_06_5f47094453.jpg,Ready,/area-guides/al-mina-dubai/
29,"Al Badia Hillside Village, Al Badia",https://assets.bayut.com/content/small_Al_Badia_Hillside_Village_Cover_08_08_913a69e6ba.jpg,Ready,/area-guides/al-badia-hillside-village/
29,"Lotus Park, Jumeirah Village Circle (JVC)",https://assets.bayut.com/content/small_Lotus_Park_Jumeirah_Village_Circle_Dubai_f0673c7e20.jpg,Ready,/area-guides/lotus-park/
29,"Al Quoz 3, Al Quoz",https://assets.bayut.com/content/small_Al_Quoz_3_Al_Quoz_Dubai_c7aec4af5c.jpg,Ready,/area-guides/al-quoz-3/
29,"Arabian Ranches 3, Dubai",https://assets.bayut.com/content/small_Arabian_Ranches_3_New_Cover_c7e56c594c.jpg,Ready,/area-guides/arabian-ranches-3/
29,"Sheikh Hamdan Colony, Dubai",https://assets.bayut.com/content/small_Sheikh_Hamdan_Colony_Al_Karama_Dubai_ee190fb07c.jpg,Ready,/area-guides/sheikh-hamdan-colony/
29,"Spring, Arabian Ranches 3",https://assets.bayut.com/content/small_Spring_Arabian_Ranches_8_9_22_8ffc4122eb.jpg,Ready,/area-guides/spring-arabian-ranches-3/
29,"Umm Ramool, Dubai",https://assets.bayut.com/content/small_Umm_Ramool_Dubai_98e0d1316e.jpg,Ready,/area-guides/umm-ramool/
29,"Hattan, The Lakes",https://assets.bayut.com/content/small_hattan_the_lakes_cover_images_080719_6_bc3e085a7b.jpg,Ready,/area-guides/hattan-the-lakes/
29,Oud Al Muteena 2,https://assets.bayut.com/content/small_Oud_Al_Muteena_2_Cover_05_10_2020_5eeb471e19.jpg,Ready,/area-guides/oud-al-muteena-2/
29,Jumeirah Heights,https://assets.bayut.com/content/small_Jumeirah_heights_2666e48466.jpg,Ready,/area-guides/jumeirah-heights/
30,"Veneto, DAMAC Hills",https://assets.bayut.com/content/small_veneto_damac_hills_cover_250719_8_931bd5fa96.jpg,Ready,/area-guides/veneto/
30,"Pelham, The Park Villas",https://assets.bayut.com/content/small_pelham_damac_hills_cover_250719_10_ca624760f0.jpg,Ready,/area-guides/pelham/
30,Springs 7,https://assets.bayut.com/content/small_springs_7_cover_image_080719_3_345d803a17.jpg,Ready,/area-guides/springs-7/
30,Zahra Townhouses,https://assets.bayut.com/content/small_zahra_townhouses_town_square_cover_170719_2_41ed1956af.jpg,Ready,/area-guides/zahra-townhouses/
30,"Claret, DAMAC Hills 2",https://assets.bayut.com/content/small_claret_dubai_cover_250719_fba84c89bb.jpg,Ready,/area-guides/claret/
30,"Hor Al Anz, Deira",https://assets.bayut.com/content/small_hor_al_anz_cover_150719_a4351752ad.jpg,Ready,/area-guides/hor-al-anz/
30,"Valencia Park, Jumeirah Village Circle (JVC)",https://assets.bayut.com/content/small_valencia_park_jvc_cover_230719_3_bf10ee8c6d.jpg,Ready,/area-guides/valencia-park/
30,"Mulberry Park, Jumeirah Village Circle (JVC)",https://assets.bayut.com/content/small_Mulberry_Park_Cover_27_4_23_99141e1d98.jpg,Ready,/area-guides/mulberry-park/
30,Al Qusais Residential Area,https://assets.bayut.com/content/small_al_qusais_residential_area_040819_689994b36f.jpg,Ready,/area-guides/al-qusais-residential-area/
30,"Maeen, The Lakes",https://assets.bayut.com/content/small_maeen_the_lakes_cover_images_080719_4_49a6050793.jpg,Ready,/area-guides/maeen/
30,"Sun, Arabian Ranches 3",https://assets.bayut.com/content/small_sun_arabian_ranches_3_91222_10360e62ef.jpg,Ready,/area-guides/sun/
30,Springs 12,https://assets.bayut.com/content/small_springs_12_cover_image_080719_1_5bbcf8984f.jpg,Ready,/area-guides/springs-12/
30,"Al Habtoor City, Business Bay",https://assets.bayut.com/content/small_al_habtoor_city_20200205_3691e23c9a.jpg,Ready,/area-guides/al-habtoor-city/
30,Dubai Hills Grove,https://assets.bayut.com/content/small_dubai_hills_grove_cover_150719_2020cebe5d.jpg,Ready,/area-guides/dubai-hills-grove/
30,"District 10, Jumeirah Village Circle (JVC)",https://assets.bayut.com/content/small_District_10_Cover_30_5_23_86b0162f90.jpg,Ready,/area-guides/district-10/
31,Nad Al Sheba 3,https://assets.bayut.com/content/small_nad_al_sheba_cover_option_250719_f6789e283a.jpg,Ready,/area-guides/nad-al-sheba-3/
31,"Sector H, Emirates Hills",https://assets.bayut.com/content/small_sector_h_emirates_hills_cover_230719_3_96b66948f5.jpg,Ready,/area-guides/sector-h/
31,"Prime Villas, Dubai Sports City",https://assets.bayut.com/content/small_Prime_Villas_Dubai_Sports_City_ebb390c8d7.jpg,Ready,/area-guides/prime-villas/
31,"District 12, Jumeirah Village Circle (JVC)",https://assets.bayut.com/content/small_district_12_jvc_cover_180719_4_03a725cb20.jpg,Ready,/area-guides/district-12/
31,"Quortaj, Al Furjan",https://assets.bayut.com/content/small_Quortaj_12_1_23_55b6bb360e.jpg,Ready,/area-guides/quortaj/
31,"Avencia, DAMAC Hills 2",https://assets.bayut.com/content/small_avencia_akoya_oxygen_cover_010819_1_1f2853364e.jpg,Ready,/area-guides/avencia/
31,"Nikki Beach Resort & Spa, Pearl Jumeirah",https://assets.bayut.com/content/small_pearl_jumeirah_nikki_beach_cover_050819_dc31d0e98f.jpg,Ready,/area-guides/nikki-beach-resort-and-spa/
31,Al Quoz 1,https://assets.bayut.com/content/small_al_quoz_1_cover_180819_100e1c35be.jpg,Ready,/area-guides/al-quoz-1/
31,"Noor Townhouses, Town Square",https://assets.bayut.com/content/small_noor_townhouses_town_square_cover_170719_5_09ad1d1d86.jpg,Ready,/area-guides/noor-townhouses/
31,"Joy, Arabian Ranches 3",https://assets.bayut.com/content/small_Joy_Off_Plan_Cover_14_9_22_997d9ac296.jpg,Ready,/area-guides/joy/
31,"Deema, The Lakes",https://assets.bayut.com/content/small_deema_the_lakes_cover_images_080719_1_6cf41f5576.jpg,Ready,/area-guides/deema/
31,"Casa Royale II, Jumeirah Village Circle (JVC)",https://assets.bayut.com/content/small_Casa_Royale_II_Cover_30_5_23_5e7d5efb01.jpg,Ready,/area-guides/casa-royale-ii/
31,Shorooq Mirdif,https://assets.bayut.com/content/small_shorooq_mirdif_cover_130619_d5340467ef.jpg,Ready,/area-guides/shorooq-mirdif/
31,"Flora, DAMAC Hills (Akoya by DAMAC)",https://assets.bayut.com/content/small_flora_damac_hills_cover_250719_4_a19f4cd587.jpg,Ready,/area-guides/flora/
31,"Signature Villas XIV, District 14 JVC",https://assets.bayut.com/content/small_Signature_Villas_XIV_17032023_cb3c421f6a.jpg,Ready,/area-guides/signature-villas-xiv/
32,"Golf Grove, Dubai Hills Estate",https://assets.bayut.com/content/small_Golf_Grove_Cover_20220629_c86ac4fe3e.jpg,Ready,/area-guides/golf-grove/
32,"Al Diyafah Street, Al Satwa",https://assets.bayut.com/content/small_Al_Diyafah_Street_Cover_16_1_23_00f98381a7.jpg,Ready,/area-guides/al-diyafah-street/
32,Villa Lantana,https://assets.bayut.com/content/small_Villa_Lantana_Cover_5_1_22_15c02ea2be.jpg,Ready,/area-guides/villa-lantana/
32,"Silk Leaf, Al Barari",https://assets.bayut.com/content/small_Silk_Leaf_Cover_7_11_22_98a1ba73df.jpg,Ready,/area-guides/silk-leaf/
32,"District 3B, Jumeirah Village Triangle (JVT)",https://assets.bayut.com/content/small_District_8_O_JVT_Cover_27_11_25d1437c80.jpg,Ready,/area-guides/district-3b/
32,"Al Mankhool, Bur Dubai",https://assets.bayut.com/content/small_al_mankhool_cover_250719_3c13f06132.jpg,Ready,/area-guides/al-mankhool/
32,Meadows 7,https://assets.bayut.com/content/small_meadows_7_cover_options_270619_3_345b467742.jpg,Ready,/area-guides/meadows-7/
32,"Golf Town, DAMAC Hills (Akoya by DAMAC)",https://assets.bayut.com/content/small_golf_town_damac_hills_cover_250719_12_3932f92239.jpg,Ready,/area-guides/golf-town/
32,"Longview, DAMAC Hills (Akoya by DAMAC)",https://assets.bayut.com/content/small_longview_damac_hills_cover_250719_12_1e81775392.jpg,Ready,/area-guides/longview/
32,Muhaisnah 4,https://assets.bayut.com/content/small_Muhaisnah_4_Cover_03_4_23_e05d7ebb9e.jpg,Ready,/area-guides/muhaisnah-4/
32,"Topanga, The Park Villas",https://assets.bayut.com/content/small_Topanga_1_3b6ef94604.jpg,Ready,/area-guides/topanga/
32,"Port Saeed, Deira",https://assets.bayut.com/content/small_port_saeed_deira_cover_240719_166a78dd98.jpg,Ready,/area-guides/port-saeed/
32,"The Grandeur Residences, Palm Jumeirah",https://assets.bayut.com/content/small_the_grandeur_residences_cover_040819_1cf6f6a700.jpg,Ready,/area-guides/the-grandeur-residences/
32,"Fairway Vistas, Dubai Hills Estate",https://assets.bayut.com/content/small_fairway_vistas_dubai_city_cover_250719_afa59744db.jpg,Ready,/area-guides/fairway-vistas/
32,"Cluster 2, The Sustainable City",https://assets.bayut.com/content/small_cluster_2_the_sustainable_city_cover_180819_fb36a4c5d7.jpg,Ready,/area-guides/cluster-2/
39,"Wadi Villas, MBR City",https://assets.bayut.com/content/small_Wadi_Villas_cover_16_4_2024_43c5af1180.jpg,Off-plan,/area-guides/wadi-villas/
39,Nad Al Sheba,https://assets.bayut.com/content/small_nal_al_sheba_1_8171de9769.jpg,Ready,/area-guides/nad-al-sheba/
39,Dubai Production City,https://assets.bayut.com/content/small_cover5_e02d74bb42.jpg,Ready,/area-guides/dubai-production-city/
39,"DAMAC LAGOONS, DUBAI",https://assets.bayut.com/content/small_DAMAC_Lagoons_Cover_19_05_6582d5b331.jpg,Off-plan,/area-guides/damac-lagoons/
39,"Al Nahda 2, Dubai",https://assets.bayut.com/content/small_Al_Nahda_2_29_12_2021_scaled_441d26ef71.jpg,Ready,/area-guides/al-nahda-2-dubai/
39,Al Warqaa,https://assets.bayut.com/content/small_Al_Warqa_Villas_1_2_2a82543470.jpg,Ready,/area-guides/al-warqaa/
39,Arabian Ranches 2,https://assets.bayut.com/content/small_RASHA_4_1_5935da83e7.jpg,Ready,/area-guides/arabian-ranches-2/
39,"The Acres, Dubailand",https://assets.bayut.com/content/small_The_Acres_Dubailand_f492204325.jpg,Off-plan,/area-guides/the-acres-by-meraas/
39,"The Clusters, Jumeirah Heights",https://assets.bayut.com/content/small_the_clusters_jumeirah_heights_dubai_cover_option_280819_5_2dacd3c912.jpg,Ready,/area-guides/the-clusters/
39,DIFC,https://assets.bayut.com/content/small_difc_cover_20200423_scaled_f4f1ce34b8.jpg,Ready,/area-guides/difc/
39,"Arabella 1, Mudon",https://assets.bayut.com/content/small_arabella_townhouses_cover_160619_4f9f5737ce.jpg,Ready,/area-guides/arabella-1/
39,Muhaisnah,https://assets.bayut.com/content/small_Cover_Image_3_35c3156a95.jpg,Ready,/area-guides/muhaisnah/
39,Discovery Gardens,https://assets.bayut.com/content/small_Discover_Gardens_featured_Image_AG_fe31b8fd9e.jpg,Ready,/area-guides/discovery-gardens/
39,Dubai Harbour,https://assets.bayut.com/content/small_Cover_Dubai_Harbour_AG_42d02d3aed.jpg,Ready,/area-guides/dubai-harbour/
39,"Al Reem 3, Arabian Ranches",https://assets.bayut.com/content/small_Al_Reem_3_Cover_23_12_aed8bc5860.jpg,Ready,/area-guides/al-reem-3/
41,"Elora, The Valley",https://assets.bayut.com/content/small_Elora_Off_Plan_Cover_9_3_23_de3722a0ee.jpg,Off-plan,/area-guides/elora-the-valley/
41,"District 4D, Jumeirah Village Triangle",https://assets.bayut.com/content/small_District_4_D_Cover_13_07_88af83448d.jpg,Ready,/area-guides/district-4d/
41,"District 11, Mohammed Bin Rashid City",https://assets.bayut.com/content/small_district_11_dubai_cover_option_280819_9_3f5f082c00.jpg,Ready,/area-guides/district-11-mbr-city/
41,"Saheel 3, Arabian Ranches",https://assets.bayut.com/content/small_Saheel_3_6_10_2021_5319afb48b.jpg,Ready,/area-guides/saheel-3/
41,Dubai Investments Park (DIP),https://assets.bayut.com/content/small_dip_21721_41be082812.jpg,Ready,/area-guides/dubai-investments-park-dip/
41,"Golf Villas, The Links",https://assets.bayut.com/content/small_Golf_Villas_The_Views_Cover_22_10_c42d190034.jpg,Ready,/area-guides/golf-villas/
41,"Opal Gardens, Mohammed Bin Rashid City",https://assets.bayut.com/content/small_Opal_Gardens_Off_Plan_10_1_23_2d8ce50f68.jpg,Off-plan,/area-guides/opal-gardens-district-11/
41,"Mira 1, Reem",https://assets.bayut.com/content/small_Mira_1_Reem_Dubai_3213cfbe66.jpg,Ready,/area-guides/mira-1-reem/
41,"June, Arabian Ranches 3",https://assets.bayut.com/content/small_June_Arabian_Ranches_3_Dubai_3c2ca21025.jpg,Off-plan,/area-guides/june-arabian-ranches-3/
41,"Signature Villas XII, Jumeirah Village Circle",https://assets.bayut.com/content/small_Signature_Villas_XII_Cover_13_07_02a095cc74.jpg,Ready,/area-guides/signature-villas-xii/
41,"Deema 3, The Lakes",https://assets.bayut.com/content/small_Deema_3_The_Lakes_Dubai_6cb2099880.jpg,Ready,/area-guides/deema-3/
41,"Azizi Venice, Dubai South",https://assets.bayut.com/content/small_Azizi_Venice_Dubai_South_dcd5b6bd73.jpg,Off-plan,/area-guides/azizi-venice/
41,"District 3A, Jumeirah Village Triangle",https://assets.bayut.com/content/small_District_3_A_JVT_Cover_24_12_a597a4ece6.jpg,Ready,/area-guides/district-3a/
41,"Maeen 4, The Lakes",https://assets.bayut.com/content/small_Maeen_4_The_Lakes_8b708424e9.jpg,Ready,/area-guides/maeen-4/
41,Green Community,https://assets.bayut.com/content/small_cover2_1_abc8777d63.jpg,Ready,/area-guides/green-community/
45,"Maeen 1, The Lakes",https://assets.bayut.com/content/small_Maeen_1_Cover_17_08_34cfcc1647.jpg,Ready,/area-guides/maeen-1/
45,"Serena, Dubai",https://assets.bayut.com/content/small_Serena_Cover_20_9_22_ed190e436e.jpg,Ready,/area-guides/serena/
45,"Jouri Hills, Jumeirah Golf Estates",https://assets.bayut.com/content/small_Jouri_Hills_6_3_23_7a3687dec7.jpg,Off-plan,/area-guides/jouri-hills/
45,"Al Nahda, Dubai",https://assets.bayut.com/content/small_al_nahda_dubai_cover_image_150519_c2a7bdbd94.jpg,Ready,/area-guides/al-nahda-dubai/
45,"Eden, The Valley",https://assets.bayut.com/content/small_Eden_The_Valley_Dubai_02052023_dbab30b90f.jpg,Ready,/area-guides/eden-the-valley/
45,"Al Baraha, Deira",https://assets.bayut.com/content/small_Al_Baraha_Deira_Dubai_f116ecef46.jpg,Ready,/area-guides/al-baraha/
45,"City Walk, Dubai",https://assets.bayut.com/content/small_city_walk_cover_250719_a3f732cb23.jpg,Ready,/area-guides/city-walk/
45,"Sweden Island, The World Island",https://assets.bayut.com/content/small_Sweden_Island_The_World_Island_17092021_95c9118c0f.jpg,Ready,/area-guides/sweden-island/
45,"Nara Townhouses, The Valley",https://assets.bayut.com/content/small_Nara_Townhouses_22_8_22_6f19d85fa1.jpg,Off-plan,/area-guides/nara-the-valley/
45,The Lakes,https://assets.bayut.com/content/small_cover_1_b1daaf81f0.jpg,Ready,/area-guides/the-lakes/
45,"Mina Rashid, Dubai",https://assets.bayut.com/content/small_Mina_Rashid_22072020_497772d058.jpg,Ready,/area-guides/mina-rashid/
45,Jumeirah,https://assets.bayut.com/content/small_shutterstock_image_7cc6f1178c.jpg,Ready,/area-guides/jumeirah/
45,"Sidra Village, Umm Suqeim",https://assets.bayut.com/content/small_Sidra_Village_Umm_Suqeim_26102021_829f57ade1.jpg,Ready,/area-guides/sidra-village/
45,"Brookfield, DAMAC Hills (Akoya by DAMAC)",https://assets.bayut.com/content/small_brookfield_damac_hills_cover_250719_6_1236febf2b.jpg,Ready,/area-guides/brookfield/
45,Dubai South,https://assets.bayut.com/content/small_Dubai_South_24_06_2020_a4e22efb61.jpg,Ready,/area-guides/dubai-south/
49,Ivy at DAMAC Riverside,https://assets.bayut.com/content/small_Lush_at_DAMAC_Riverside_63aa8e4b77.jpg,Off-plan,/area-guides/ivy-damac-riverside/
49,Lavita at The Oasis,https://assets.bayut.com/content/small_Lavita_Cover_Photo_31_10_24_edd56a4be7.jpg,Off-plan,/area-guides/lavita-at-the-oasis/
49,"South Bay 3, Dubai South",https://assets.bayut.com/content/assets/bg_placeholder.jpg,Off-plan,/area-guides/south-bay-3/
49,Oud Al Muteena,https://assets.bayut.com/content/small_Oud_Al_Muteena_Cover_6232020_bd62bfc4e6.jpg,Ready,/area-guides/oud-al-muteena/
49,"Oxford Villas, Jumeirah Village Circle",https://assets.bayut.com/content/small_Oxford_Villas_JVC_Cover_12_01_0d94ec9425.jpg,Ready,/area-guides/oxford-villas/
49,"Family Villa Area, Green Community East",https://assets.bayut.com/content/small_green_community_east_cover_260819_03df054355.jpg,Ready,/area-guides/family-villa-area/
49,Bur Dubai,https://assets.bayut.com/content/small_cover_burdubai15052018_242ee14c7c.jpg,Ready,/area-guides/bur-dubai/
49,Dubai Land Residence Complex,https://assets.bayut.com/content/small_Street_view_7_1_f07defb46f.jpg,Ready,/area-guides/dubai-land-residence-complex/
49,"Elie Saab, Arabian Ranches 3",https://assets.bayut.com/content/small_Elie_Saab_Off_plan_3_8_2022_649d7dc766.jpg,Off-plan,/area-guides/elie-saab/
49,"Ibiza, DAMAC Lagoons",https://assets.bayut.com/content/small_Ibiza_cover_8_11_24_95c31fbdca.jpg,Off-plan,/area-guides/ibiza-damac-lagoons/
49,"DAMAC Riverside, Phase 2 DIP",https://assets.bayut.com/content/small_DAMAC_Riverside_7abf18184e.jpg,Off-plan,/area-guides/damac-riverside/
49,Jumeirah Bay Islands,https://assets.bayut.com/content/small_Jumeirah_Bay_Islands_Dubai_029e9dabc4.jpg,Ready,/area-guides/jumeirah-bay-islands/
49,"Naseem Townhouses, Town Square",https://assets.bayut.com/content/small_naseem_townhouses_town_square_cover_170719_4_394e8b56ca.jpg,Ready,/area-guides/naseem-townhouses/
49,"Divine Homes, District 14 JVC",https://assets.bayut.com/content/small_Divine_Homes_JVC_Cover_5e15ba4de8.jpg,Ready,/area-guides/divine-homes-jvc/
49,Dubai Sports City,https://assets.bayut.com/content/small_dubai_sports_city_cover_181119_968e2c71a2.jpg,Ready,/area-guides/dubai-sports-city/
50,"Sunrise Living, Jumeirah Park",https://assets.bayut.com/content/small_Cover_Image_0ec1c61701.jpg,Off-plan,/area-guides/sunrise-living-jumeirah-park/
50,"Lua Residences, MBR City",https://assets.bayut.com/content/small_Lua_residences_c_cover_dceeca5c98.jpg,Off-plan,/area-guides/lua-residences/
50,"Violet 4, DAMAC Hills 2",https://assets.bayut.com/content/small_violet_4_cover_19_11_24_b5e4da364a.jpg,Off-plan,/area-guides/violet-4/
50,JVT District 9,https://assets.bayut.com/content/small_District_9_Cover_Photo_28_6_2024_ea22394c6c.jpg,Ready,/area-guides/district-9-jvt/
50,"Greenville, Dubai South",https://assets.bayut.com/content/small_Greenville_Cover_11_11_24_8b44a7792e.jpg,Off-plan,/area-guides/greenville-dubai-south/
50,"District One West, MBR City ",https://assets.bayut.com/content/small_District_one_west_cover_30_10_24_102622c48e.jpg,Off-plan,/area-guides/district-one-west/
50,"Zuha Island, The World Islands",https://assets.bayut.com/content/small_Zuhha_Island_22_11_24_Cover_84b10fbda5.jpg,Off-plan,/area-guides/zuha-island/
50,"District 1, Jumeirah Village Triangle (JVT)",https://assets.bayut.com/content/small_distrct_1_J_jvt_cover_230719_4_1_a36da164ba.jpg,Ready,/area-guides/district-1-jvt/
50,Jebel Ali Village,https://assets.bayut.com/content/small_Jebel_Ali_Village_Cover_31_03_be30c3fdea.jpg,Off-plan,/area-guides/jebel-ali-village/
50,"District 7, Jumeirah Village Triangle",https://assets.bayut.com/content/small_District_7_A_Cover_Photo_7_6_2024_50dac995f0.jpg,Ready,/area-guides/district-7-jumeirah-village-triangle/
50,"DAMAC Islands, Dubailand",https://assets.bayut.com/content/small_cover_Image_b5bb71f2eb.jpg,Off-plan,/area-guides/damac-islands/
50,Al Athba,https://assets.bayut.com/content/small_wadi_al_shabak_cover_1_24_25_698aa2ef03.jpg,Ready,/area-guides/al-athba/
50,"Knightsbridge, MBR City",https://assets.bayut.com/content/small_Knightsbridge_Cover_Photo_da05b2f0c8.jpg,Off-plan,/area-guides/knightsbridge/
50,"Monte Carlo, DAMAC Lagoons",https://assets.bayut.com/content/small_Monte_Carlo_Cover_Photo_eea8f375a6.jpg,Off-plan,/area-guides/monte-carlo/
50,"Yasmina Villas, Expo City",https://assets.bayut.com/content/small_Yasmina_Villas_Cover_Photo_1_e6f5fb3be2.jpg,Off-plan,/area-guides/yasmina-villas/
59,"Richmond, The Park Villas",https://assets.bayut.com/content/small_richmond_damac_hills_cover_250719_5_59ab0b23a5.jpg,Ready,/area-guides/richmond/
59,Muhaisnah 3,https://assets.bayut.com/content/small_muhaisnah_3_cover_070719_da408541a3.jpg,Ready,/area-guides/muhaisnah-3/
59,MOHAMMED BIN RASHID BOULEVARD,https://assets.bayut.com/content/small_Mohammed_Bin_Rashid_Bouleard_Cover_10_12_ccfcaad798.jpg,Ready,/area-guides/mohammed-bin-rashid-boulevard/
59,"Amaranta, Dubailand",https://assets.bayut.com/content/small_Amaranta_Dubailand_16042021_1b412ad458.jpg,Ready,/area-guides/amaranta/
59,"Sidra Villas II, Dubai Hills Estate",https://assets.bayut.com/content/small_Sidra_Villas_II_Dubai_Hills_Estate_d67189b1b6.jpg,Ready,/area-guides/sidra-villas-ii/
59,"Alaya Beach, Tilal Al Ghaf",https://assets.bayut.com/content/small_Alaya_Beach_Tilal_Al_Ghaf_cfafba42ee.jpg,Off-plan,/area-guides/alaya-beach/
59,"District 6A, Jumeirah Village Triangle (JVT)",https://assets.bayut.com/content/small_6_A_JVT_1192020_21edf563c3.jpg,Ready,/area-guides/district-6a/
59,"Al Muteena, Deira",https://assets.bayut.com/content/small_al_muteena_deira_cover_image_option_240719_9c2c96fe32.jpg,Ready,/area-guides/al-muteena/
59,"Viridian at the Fields, MBR City",https://assets.bayut.com/content/small_Viridian_at_the_Fields_MBR_City_Dubai_6a6613fc7b.jpg,Ready,/area-guides/viridian-at-the-fields/
59,"Montgomerie Maisonettes, Emirates Hills",https://assets.bayut.com/content/small_montgomorie_maisonnettes_cover_260619_7b7c7dd1f0.jpg,Ready,/area-guides/montgomerie-maisonettes/
59,"Whispering Pines, Jumeirah Golf Estates",https://assets.bayut.com/content/small_whispering_pines_cover_jge_210519_73a8a8702c.jpg,Ready,/area-guides/whispering-pines/
59,"Layan Community, Dubai",https://assets.bayut.com/content/small_Layan_Cover_10_4_23_b0b323c0ea.jpg,Ready,/area-guides/layan/
59,Jumeirah Islands,https://assets.bayut.com/content/small_4_2_0df9c11a47.jpg,Ready,/area-guides/jumeirah-islands/
59,"Al Reem, Arabian Ranches",https://assets.bayut.com/content/small_al_reem_arabian_ranches_cover_image_options_260619_11_84c676b6cb.jpg,Ready,/area-guides/al-reem/
59,"District 8, Jumeirah Park",https://assets.bayut.com/content/small_Jumeirah_Park_District_8_Dubai_fc2308f30a.jpg,Ready,/area-guides/district-8/
60,"Sobha Reserve, Dubailand",https://assets.bayut.com/content/small_Sobha_Reserve_Cover_photo_12_5_23_67e62765dc.jpg,Off-plan,/area-guides/sobha-reserve/
60,Al Barsha,https://assets.bayut.com/content/small_Al_Barsha_cover_image_20210725_31af041d89.jpg,Ready,/area-guides/al-barsha/
60,"Bali, DAMAC Islands",https://assets.bayut.com/content/small_damac_islands_cover_photo_8ea31e36fd.jpg,Off-plan,/area-guides/bali-damac-islands/
60,"Jade at the Fields, District 11, MBR City",https://assets.bayut.com/content/small_district_11_dubai_cover_option_280819_9_d91a34ae95.jpg,Ready,/area-guides/jade-at-the-fields/
60,Mohammed Bin Rashid City (MBR City),https://assets.bayut.com/content/small_mbr_city_cover_20200423_94a3780a3a.jpg,Ready,/area-guides/mohammed-bin-rashid-city/
60,"Expo Golf Villas 6, Dubai South",https://assets.bayut.com/content/small_Greenview_3_Emaar_South_516221b61a.jpg,Off-plan,/area-guides/expo-golf-villas-6/
60,"Villanova, Dubailand",https://assets.bayut.com/content/small_Villanova_Cover_27_7_22_02f62ffc54.jpg,Ready,/area-guides/villanova/
60,Al Barsha 2,https://assets.bayut.com/content/small_al_barsha_2_cover_140519_8b41956201.jpg,Ready,/area-guides/al-barsha-2/
60,Al Jafiliya,https://assets.bayut.com/content/small_Cover_2_45c04c2369.jpg,Ready,/area-guides/al-jafiliya/
60,"Dar Wasl, Al Wasl",https://assets.bayut.com/content/small_dar_wasl_cover_240619_5da1df0a35.jpg,Ready,/area-guides/dar-wasl/
60,"EMAAR Beachfront, Dubai Harbour",https://assets.bayut.com/content/small_EMAAR_Beachfront_03_09_2020_8552df2cd1.jpg,Ready,/area-guides/emaar-beachfront/
60,"Ghadeer, The Lakes",https://assets.bayut.com/content/small_ghadeer_the_lakes_cover_images_080719_10_95631b6bbc.jpg,Ready,/area-guides/ghadeer/
60,"Farm Gardens 2, The Valley",https://assets.bayut.com/content/small_Farm_Gardens_2_The_Valley_Dubai_0047c3c064.jpg,Off-plan,/area-guides/farm-gardens-2/
60,"A Villas, Dubailand",https://assets.bayut.com/content/small_A_Villas_2_6_2022_cd2d5c0455.jpg,Ready,/area-guides/a-villas-living-legends/
60,"Al Qusais 1, Al Qusais",https://assets.bayut.com/content/small_A_Qusais_1_18_3_2022_b93b876948.jpg,Ready,/area-guides/al-qusais-1/
61,"Al Qusais Industrial 2, Al Qusais",https://assets.bayut.com/content/small_Al_Qusais_Industrial_Area_2_Al_Qusais_19062021_90e6fc2c5c.jpg,Ready,/area-guides/al-qusais-industrial-2/
61,"Maldives, DAMAC Islands",https://assets.bayut.com/content/small_damac_islands_cover_photo_8ea31e36fd.jpg,Off-plan,/area-guides/maldives/
61,Dubailand,https://assets.bayut.com/content/small_cover_1_1_aa2d266e32.jpg,Ready,/area-guides/dubailand/
61,International City,https://assets.bayut.com/content/small_International_City_featured_Image_AG_baf75eb1b0.jpg,Ready,/area-guides/international-city/
61,"32 Villas, Dubai Media City",https://assets.bayut.com/content/small_32_villas_dubai_media_city_cover_290719_f0725f8a7d.jpg,Ready,/area-guides/32-villas/
61,Dubai Hills Estate,https://assets.bayut.com/content/small_Dubai_Hills_Estate_Cover_27_10_22_9339b21894.jpg,Ready,/area-guides/dubai-hills-estate/
61,Jumeirah Park,https://assets.bayut.com/content/small_9_1_7a124eacdc.jpg,Ready,/area-guides/jumeirah-park/
61,"Marinascape Marina Homes, Dubai",https://assets.bayut.com/content/small_Marinascape_Marina_Homes_Dubai_Marina_25_02_2021_9942b41fe6.jpg,Ready,/area-guides/marinascape-marina-homes/
61,Damac Hills (Akoya by DAMAC),https://assets.bayut.com/content/small_Cover_03_2e9b8836b3.jpg,Ready,/area-guides/damac-hills-akoya-damac/
61,"District 3, Jumeirah Park",https://assets.bayut.com/content/small_District_3_Jumeirah_Park_7fec342c1a.jpg,Ready,/area-guides/district-3/
61,Deira Dubai,https://assets.bayut.com/content/small_deira_area_guide_cover_2_cc7a1e6efd.jpg,Ready,/area-guides/deira/
61,Downtown Dubai,https://assets.bayut.com/content/small_Downtown_Dubai_Cover_Image_AG_1_44d3acf7f7.jpg,Ready,/area-guides/downtown-dubai/
61,Dubai Silicon Oasis,https://assets.bayut.com/content/small_Dubai_Silicon_Oasis_Cover_11_03_6e82b4655c.jpg,Ready,/area-guides/dubai-silicon-oasis/
61,"Ras Al Khor Industrial Area 2, Ras Al Khor",https://assets.bayut.com/content/small_Ras_Al_Khor_Industrial_2_30072021_0d76ba1393.jpg,Ready,/area-guides/ras-al-khor-industrial-area-2/
61,DAMAC Hills 2 (Akoya Oxygen),https://assets.bayut.com/content/small_DAMAC_Hills_2_cover_9daf154f77.jpg,Ready,/area-guides/damac-hills-2/
62,Jumeirah Village Circle (JVC),https://assets.bayut.com/content/small_Jumeirah_Village_Circle_Dubai_0d4a6b654a.jpg,Ready,/area-guides/jumeirah-village-circle/
62,Dubai Creek Harbour,https://assets.bayut.com/content/small_Dubai_Creek_Harbour_418df9120a.jpg,Ready,/area-guides/dubai-creek-harbour/
62,"Sycamore, Akoya Oxygen",https://assets.bayut.com/content/small_Sycamore_Akoya_Oxygen_Cover_12_01_dcfd831820.jpg,Ready,/area-guides/sycamore/
62,Mudon Al Ranim 5,https://assets.bayut.com/content/small_Mudon_Al_Ranim_5_cover_photo_391b8999a1.jpg,Off-plan,/area-guides/mudon-al-ranim-5/
62,"Airport Road Area, Al Garhoud",https://assets.bayut.com/content/small_Airport_Road_Area_Cover_Photo_7_4_23_eb558bdcb5.jpg,Ready,/area-guides/airport-road-area/
62,Emaar South,https://assets.bayut.com/content/small_cover_Emaar_South14425_e8b3c17127.jpg,Ready,/area-guides/emaar-south/
62,Palm Jumeirah,https://assets.bayut.com/content/small_Palm_Jumeirah_cover_20200409_282604cbd5.jpg,Ready,/area-guides/palm-jumeirah/
62,Nad Al Sheba Gardens 7,https://assets.bayut.com/content/small_Nad_Al_Sheba_garden_7cover_25_2_25_0471967984.jpg,Off-plan,/area-guides/nad-al-sheba-gardens-7/
62,"Elea, The Valley by Emaar",https://assets.bayut.com/content/small_Elea_Cover_image_2_13_25_48ad2aef9c.jpg,Off-plan,/area-guides/elea-the-valley/
62,"The Wilds, Dubailand",https://assets.bayut.com/content/small_The_wilds_dubailand_cover_image_0ff7127096.png,Off-plan,/area-guides/the-wilds/
62,Wadi Al Safa 2,https://assets.bayut.com/content/small_Wadi_Al_Safa_2_Cover_22_06_b3c091abcc.jpg,Ready,/area-guides/wadi-al-safa-2/
62,Al Jaddaf,https://assets.bayut.com/content/small_Al_Jaddaf_Cover_07_09_9e3df3357f.jpg,Ready,/area-guides/al-jaddaf/
62,Al Garhoud,https://assets.bayut.com/content/small_ghroud_villa_cover_c133727880.jpg,Ready,/area-guides/al-garhoud/
62,Sheikh Zayed Road,https://assets.bayut.com/content/small_Sheikh_Zayed_Road_Dubai_23022021_295e190df0.jpg,Ready,/area-guides/sheikh-zayed-road/
62,Business Bay,https://assets.bayut.com/content/small_Business_Bay_cover_20200409_bb6c99c118.jpg,Ready,/area-guides/business-bay/
